abbrev@1.1.1,0,2
abbrev@1.0.9,0,2
absolute-path@0.0.0,0,2
accepts@1.2.13,2,2
accepts@1.3.7,2,1
acorn-jsx@3.0.1,1,1
acorn@3.3.0,0,1
acorn@5.7.3,0,1
ajv-keywords@1.5.1,0,1
ajv-keywords@2.1.1,0,1
ajv@4.11.8,2,2
ajv@5.5.2,4,2
ajv@6.10.2,4,1
ansi-colors@1.1.0,1,1
ansi-cyan@0.1.1,1,1
ansi-escapes@1.4.0,0,1
ansi-escapes@3.2.0,0,1
ansi-gray@0.1.1,1,1
ansi-red@0.1.1,1,1
ansi-regex@4.1.0,0,0
ansi-regex@2.1.1,0,3
ansi-regex@3.0.0,0,2
ansi-styles@2.2.1,0,1
ansi-styles@3.2.1,1,2
ansi-wrap@0.1.0,0,4
ansi@0.3.1,0,5
ansicolors@0.3.2,0,2
ansistyles@0.1.3,0,2
anymatch@1.3.2,2,1
anymatch@2.0.0,2,1
aproba@1.2.0,0,2
arch@2.1.1,0,1
archy@1.0.0,0,2
are-we-there-yet@1.0.6,2,1
are-we-there-yet@1.1.5,2,3
argparse@1.0.10,1,1
arr-diff@1.1.0,2,1
arr-diff@2.0.0,1,1
arr-diff@4.0.0,0,2
arr-flatten@1.1.0,0,3
arr-union@2.1.0,0,1
arr-union@3.1.0,0,2
array-filter@0.0.1,0,1
array-index@1.0.0,2,1
array-map@0.0.0,0,1
array-reduce@0.0.0,0,1
array-slice@0.2.3,0,1
array-unique@0.2.1,0,1
array-unique@0.3.2,0,4
array.prototype.find@2.1.0,2,1
art@0.10.3,0,1
asap@2.0.6,0,2
asn1@0.1.11,0,1
asn1@0.2.4,1,1
assert-plus@1.0.0,0,6
assert-plus@0.1.5,0,1
assert-plus@0.2.0,0,1
assign-symbols@1.0.0,0,1
async-each@1.0.3,0,1
async-some@1.0.2,1,2
async@2.6.3,1,2
asynckit@0.4.0,0,2
atob@2.1.2,0,1
aws-sign2@0.5.0,0,1
aws-sign2@0.6.0,0,2
aws-sign2@0.7.0,0,1
aws4@1.8.0,0,3
babel-cli@6.26.0,14,0
babel-code-frame@6.26.0,3,4
babel-core@6.26.3,19,5
babel-eslint@6.1.2,5,0
babel-generator@6.26.1,8,2
babel-helper-builder-binary-assignment-operator-visitor@6.24.1,3,1
babel-helper-builder-react-jsx@6.26.0,3,1
babel-helper-call-delegate@6.24.1,4,1
babel-helper-define-map@6.26.0,4,1
babel-helper-explode-assignable-expression@6.24.1,3,1
babel-helper-function-name@6.24.1,5,5
babel-helper-get-function-arity@6.24.1,2,2
babel-helper-hoist-variables@6.24.1,2,2
babel-helper-optimise-call-expression@6.24.1,2,2
babel-helper-regex@6.26.0,3,2
babel-helper-remap-async-to-generator@6.24.1,5,1
babel-helper-replace-supers@6.24.1,6,2
babel-helpers@6.24.1,2,1
babel-messages@6.23.0,1,5
babel-plugin-check-es2015-constants@6.22.0,1,3
babel-plugin-external-helpers@6.22.0,1,1
babel-plugin-module-resolver@3.2.0,5,0
babel-plugin-react-transform@3.0.0,1,1
babel-plugin-syntax-async-functions@6.13.0,0,2
babel-plugin-syntax-class-properties@6.13.0,0,3
babel-plugin-syntax-dynamic-import@6.18.0,0,1
babel-plugin-syntax-exponentiation-operator@6.13.0,0,1
babel-plugin-syntax-flow@6.18.0,0,3
babel-plugin-syntax-jsx@6.18.0,0,6
babel-plugin-syntax-object-rest-spread@6.13.0,0,2
babel-plugin-syntax-trailing-function-commas@6.22.0,0,3
babel-plugin-transform-async-to-generator@6.16.0,3,1
babel-plugin-transform-class-properties@6.24.1,4,3
babel-plugin-transform-es2015-arrow-functions@6.22.0,1,3
babel-plugin-transform-es2015-block-scoped-functions@6.22.0,1,2
babel-plugin-transform-es2015-block-scoping@6.26.0,5,3
babel-plugin-transform-es2015-classes@6.24.1,9,3
babel-plugin-transform-es2015-computed-properties@6.24.1,2,3
babel-plugin-transform-es2015-destructuring@6.23.0,1,4
babel-plugin-transform-es2015-duplicate-keys@6.24.1,2,1
babel-plugin-transform-es2015-for-of@6.23.0,1,3
babel-plugin-transform-es2015-function-name@6.24.1,3,4
babel-plugin-transform-es2015-literals@6.22.0,1,3
babel-plugin-transform-es2015-modules-amd@6.24.1,3,2
babel-plugin-transform-es2015-modules-commonjs@6.26.2,4,5
babel-plugin-transform-es2015-modules-systemjs@6.24.1,3,1
babel-plugin-transform-es2015-modules-umd@6.24.1,3,1
babel-plugin-transform-es2015-object-super@6.24.1,2,2
babel-plugin-transform-es2015-parameters@6.24.1,6,4
babel-plugin-transform-es2015-shorthand-properties@6.24.1,2,4
babel-plugin-transform-es2015-spread@6.22.0,1,4
babel-plugin-transform-es2015-sticky-regex@6.24.1,3,2
babel-plugin-transform-es2015-template-literals@6.22.0,1,4
babel-plugin-transform-es2015-typeof-symbol@6.23.0,1,1
babel-plugin-transform-es2015-unicode-regex@6.24.1,3,2
babel-plugin-transform-es3-member-expression-literals@6.22.0,1,2
babel-plugin-transform-es3-property-literals@6.22.0,1,2
babel-plugin-transform-exponentiation-operator@6.24.1,3,2
babel-plugin-transform-flow-strip-types@6.22.0,2,4
babel-plugin-transform-jscript@6.22.0,1,1
babel-plugin-transform-object-assign@6.22.0,1,1
babel-plugin-transform-object-rest-spread@6.26.0,2,3
babel-plugin-transform-react-display-name@6.25.0,1,3
babel-plugin-transform-react-jsx-self@6.22.0,2,1
babel-plugin-transform-react-jsx-source@6.22.0,2,2
babel-plugin-transform-react-jsx@6.24.1,3,3
babel-plugin-transform-regenerator@6.26.0,1,2
babel-plugin-transform-strict-mode@6.24.1,2,1
babel-polyfill@6.26.0,3,1
babel-preset-airbnb@1.1.1,7,0
babel-preset-es2015-node@6.1.1,9,1
babel-preset-es2015@6.24.1,24,1
babel-preset-fbjs@2.3.0,28,2
babel-preset-flow@6.23.0,1,1
babel-preset-react-native@4.0.1,32,1
babel-preset-react@6.24.1,6,1
babel-register@6.26.0,7,4
babel-runtime@6.26.0,2,63
babel-template@6.26.0,5,15
babel-traverse@6.26.0,9,11
babel-types@6.26.0,4,27
babylon@6.18.0,0,5
balanced-match@1.0.0,0,1
base64-js@0.0.8,0,1
base64-js@1.1.2,0,1
base64-js@1.3.1,0,1
base64-url@1.2.1,0,1
base@0.11.2,7,1
bash-color@0.0.3,0,1
basic-auth-connect@1.0.0,0,1
basic-auth@1.0.4,0,1
batch@0.5.3,0,1
bcrypt-pbkdf@1.0.2,1,1
big-integer@1.6.46,0,1
binary-extensions@1.13.1,0,1
bl@1.0.3,1,1
bl@1.1.2,1,1
block-stream@0.0.9,1,3
block-stream@0.0.8,1,1
bluebird@2.11.0,0,1
body-parser@1.13.3,10,1
boom@2.10.1,1,2
bplist-creator@0.0.7,1,1
bplist-parser@0.1.1,1,1
brace-expansion@1.1.11,2,2
braces@1.8.5,3,1
braces@2.3.2,10,1
bser@2.1.0,1,1
buffer-from@1.1.1,0,1
buffer-shims@1.0.0,0,1
builtin-modules@1.1.1,0,2
builtins@0.0.7,0,1
builtins@1.0.3,0,1
bytes@2.1.0,0,3
bytes@2.4.0,0,1
cache-base@1.0.1,9,1
caller-path@0.1.0,1,1
callsites@0.2.0,0,1
camelcase@4.1.0,0,2
capture-exit@1.2.0,1,1
caseless@0.11.0,0,2
caseless@0.12.0,0,2
chalk@1.1.3,5,9
chalk@2.4.2,3,3
char-spinner@1.0.1,0,2
chardet@0.4.2,0,1
chmodr@1.0.2,0,2
chokidar@1.7.0,8,0
chownr@1.1.3,0,2
chownr@1.0.1,0,2
circular-json@0.3.3,0,1
class-utils@0.3.6,4,1
cli-cursor@1.0.2,1,1
cli-cursor@2.1.0,1,1
cli-width@2.2.0,0,2
clipboardy@1.2.3,2,1
cliui@3.2.0,3,1
clone@1.0.4,0,1
cmd-shim@2.0.2,2,2
co@4.6.0,0,2
code-point-at@1.1.0,0,2
collection-visit@1.0.0,2,1
color-convert@1.9.3,1,1
color-name@1.1.3,0,1
color-support@1.1.3,0,1
columnify@1.5.4,2,2
combined-stream@1.0.8,1,7
commander@2.8.1,1,1
commander@2.20.1,0,4
commander@2.13.0,0,1
common-tags@1.8.0,0,1
component-emitter@1.3.0,0,2
compressible@2.0.17,1,1
compression@1.5.2,6,1
concat-map@0.0.1,0,1
concat-stream@1.6.2,4,5
config-chain@1.1.12,2,2
connect-timeout@1.6.2,4,1
connect@2.30.2,31,1
console-control-strings@1.1.0,0,4
contains-path@0.1.0,0,1
content-type@1.0.4,0,2
convert-source-map@1.6.0,1,2
cookie-parser@1.3.5,2,1
cookie-signature@1.0.6,0,4
cookie@0.1.3,0,4
copy-descriptor@0.1.1,0,1
core-js@1.2.7,0,1
core-js@2.6.9,0,5
core-util-is@1.0.2,0,5
crc@3.3.0,0,1
create-react-class@15.6.3,3,1
cross-spawn@5.1.0,3,4
cryptiles@2.0.5,1,1
csrf@3.0.6,3,1
csurf@1.8.3,4,1
ctype@0.5.3,0,1
d@1.0.1,2,7
damerau-levenshtein@1.0.5,0,1
dashdash@1.14.1,1,1
debug@2.6.9,1,11
debug@3.2.6,1,3
debug@2.2.0,1,9
debuglog@1.0.1,0,2
decamelize@1.2.0,0,1
decode-uri-component@0.2.0,0,1
dedent@0.6.0,0,1
deep-extend@0.6.0,0,1
deep-is@0.1.3,0,1
defaults@1.0.3,1,1
define-properties@1.1.3,1,4
define-property@0.2.5,1,5
define-property@1.0.0,1,3
define-property@2.0.2,2,3
delayed-stream@1.0.0,0,1
delegates@1.0.0,0,2
denodeify@1.2.1,0,2
depd@1.0.1,0,4
depd@1.1.2,0,2
destroy@1.0.4,0,1
detect-indent@4.0.0,1,1
detect-libc@1.0.3,0,1
dezalgo@1.0.3,2,5
dlv@1.1.3,0,1
doctrine@1.3.0,2,1
doctrine@1.5.0,2,1
doctrine@2.1.0,1,2
dom-walk@0.1.1,0,1
ecc-jsbn@0.1.2,2,1
editor@1.0.0,0,2
ee-first@1.1.1,0,1
encoding@0.1.12,1,1
envinfo@3.11.1,5,1
errno@0.1.7,1,1
error-ex@1.3.2,1,1
errorhandler@1.4.3,2,1
es-abstract@1.14.2,10,1
es-to-primitive@1.2.0,3,1
es5-ext@0.10.51,3,8
es6-iterator@2.0.3,3,4
es6-map@0.1.5,6,2
es6-set@0.1.5,5,2
es6-symbol@3.1.1,2,1
es6-symbol@3.1.2,2,5
es6-weak-map@2.0.3,4,1
escape-html@1.0.2,0,1
escape-html@1.0.3,0,4
escape-string-regexp@1.0.5,0,4
escope@3.6.0,4,1
eslint-config-airbnb-base@5.0.3,0,1
eslint-config-airbnb@10.0.1,1,0
eslint-config-prettier@2.10.0,1,0
eslint-import-resolver-babel-module@2.2.1,2,0
eslint-import-resolver-node@0.2.3,3,1
eslint-plugin-import@1.16.0,16,0
eslint-plugin-jsx-a11y@2.2.3,3,0
eslint-plugin-prefer-object-spread@1.2.1,0,0
eslint-plugin-prettier@2.7.0,2,0
eslint-plugin-react@6.10.3,5,0
eslint-scope@3.7.3,2,2
eslint-visitor-keys@1.1.0,0,2
eslint@3.19.0,35,0
eslint@4.19.1,38,1
espree@3.5.4,2,3
esprima@4.0.1,0,1
esquery@1.0.1,1,3
esrecurse@4.2.1,1,2
estraverse@4.3.0,0,5
esutils@2.0.3,0,8
etag@1.7.0,0,2
event-emitter@0.3.5,2,2
event-target-shim@1.1.1,0,1
exec-sh@0.2.2,1,2
execa@0.7.0,7,1
execa@0.8.0,7,1
exit-hook@1.1.1,0,1
expand-brackets@0.1.5,1,1
expand-brackets@2.1.4,7,1
expand-range@1.8.2,1,1
express-session@1.11.3,9,1
extend-shallow@1.1.4,1,1
extend-shallow@2.0.1,1,6
extend-shallow@3.0.2,2,5
extend@3.0.2,0,4
external-editor@2.2.0,3,1
extglob@0.3.2,1,1
extglob@2.0.4,8,1
extsprintf@1.3.0,0,1
extsprintf@1.4.0,0,1
fancy-log@1.3.3,4,1
fast-deep-equal@1.1.0,0,1
fast-deep-equal@2.0.1,0,1
fast-diff@1.2.0,0,1
fast-json-stable-stringify@2.0.0,0,2
fast-levenshtein@2.0.6,0,1
fb-watchman@2.0.0,1,2
fbjs-scripts@0.8.3,10,1
fbjs@0.8.17,7,4
figures@1.7.0,2,1
figures@2.0.0,1,1
file-entry-cache@2.0.0,2,2
filename-regex@2.0.1,0,1
fill-range@2.2.4,5,1
fill-range@4.0.0,4,1
finalhandler@0.4.0,4,1
find-babel-config@1.2.0,2,2
find-up@1.1.2,2,2
find-up@2.1.0,1,2
flat-cache@1.3.4,4,1
for-in@1.0.2,0,2
for-own@0.1.5,1,1
forever-agent@0.6.1,0,4
form-data@1.0.1,3,2
form-data@2.1.4,3,1
form-data@2.3.3,3,1
fragment-cache@0.2.1,1,3
fresh@0.3.0,0,3
fs-extra@0.24.0,4,1
fs-extra@1.0.0,3,1
fs-minipass@1.2.7,1,1
fs-readdir-recursive@1.1.0,0,1
fs-vacuum@1.2.10,3,2
fs-write-stream-atomic@1.0.10,4,2
fs.realpath@1.0.0,0,2
fsevents@1.2.9,2,0
fstream-ignore@1.0.5,3,2
fstream-npm@1.0.7,2,1
fstream-npm@1.1.1,2,1
fstream@1.0.12,4,7
function-bind@1.1.1,0,5
functional-red-black-tree@1.0.1,0,1
gauge@1.2.7,5,2
gauge@2.6.0,9,1
gauge@2.7.4,8,1
generate-function@2.3.1,1,1
generate-object-property@1.2.0,1,1
get-caller-file@1.0.3,0,1
get-stdin@5.0.1,0,1
get-stream@3.0.0,0,2
get-value@2.0.6,0,4
getpass@0.1.7,1,1
gitbook-cli@1.0.1,11,0
github-url-from-git@1.4.0,0,2
github-url-from-username-repo@1.0.2,0,2
glob-base@0.3.0,2,1
glob-parent@2.0.0,1,2
glob@4.5.3,4,1
glob@6.0.4,5,1
glob@7.1.4,6,14
glob@5.0.15,5,1
glob@7.0.6,6,1
global@4.4.0,2,1
globals@11.12.0,0,1
globals@9.18.0,0,2
graceful-fs@4.2.2,0,21
graceful-fs@4.1.15,0,2
graceful-readlink@1.0.1,0,1
growly@1.3.0,0,1
har-schema@1.0.5,0,1
har-schema@2.0.0,0,1
har-validator@1.8.0,4,1
har-validator@2.0.6,4,1
har-validator@4.2.1,2,1
har-validator@5.1.3,2,1
has-ansi@2.0.0,1,1
has-color@0.1.7,0,1
has-flag@3.0.0,0,1
has-symbols@1.0.0,0,3
has-unicode@2.0.1,0,3
has-value@0.3.1,3,1
has-value@1.0.0,3,1
has-values@0.1.4,0,1
has-values@1.0.0,2,1
has@1.0.3,1,4
hawk@3.1.3,4,3
hoek@2.16.3,0,3
home-or-tmp@2.0.0,2,1
hosted-git-info@2.8.4,0,6
hosted-git-info@2.1.5,0,2
http-errors@1.3.1,2,6
http-signature@0.11.0,3,1
http-signature@1.1.1,3,2
http-signature@1.2.0,3,1
iconv-lite@0.4.11,0,1
iconv-lite@0.4.13,0,1
iconv-lite@0.4.24,1,3
iferr@0.1.5,0,1
ignore-walk@3.0.2,1,1
ignore@3.3.10,0,2
image-size@0.6.3,0,1
imurmurhash@0.1.4,0,5
indent-string@3.2.0,0,1
inflight@1.0.6,2,7
inherits@2.0.4,0,22
ini@1.3.5,0,4
init-package-json@1.9.6,8,2
inquirer@0.12.0,13,1
inquirer@3.3.0,14,2
interpret@1.2.0,0,1
invariant@2.2.4,1,1
invert-kv@1.0.0,0,1
ip-regex@2.1.0,0,1
is-absolute@0.1.7,1,1
is-accessor-descriptor@0.1.6,1,1
is-accessor-descriptor@1.0.0,1,1
is-arrayish@0.2.1,0,1
is-binary-path@1.0.1,1,1
is-buffer@1.1.6,0,2
is-builtin-module@1.0.0,1,1
is-callable@1.1.4,0,2
is-data-descriptor@0.1.4,1,1
is-data-descriptor@1.0.0,1,1
is-date-object@1.0.1,0,1
is-descriptor@0.1.6,3,1
is-descriptor@1.0.2,3,2
is-dotfile@1.0.3,0,1
is-equal-shallow@0.1.3,1,1
is-extendable@0.1.1,0,4
is-extendable@1.0.1,1,2
is-extglob@1.0.0,0,4
is-finite@1.0.2,1,1
is-fullwidth-code-point@1.0.0,1,2
is-fullwidth-code-point@2.0.0,0,2
is-glob@2.0.1,1,5
is-my-ip-valid@1.0.0,0,1
is-my-json-valid@2.20.0,5,3
is-number@2.1.0,1,1
is-number@3.0.0,1,3
is-number@4.0.0,0,1
is-plain-object@2.0.4,1,2
is-posix-bracket@0.1.1,0,1
is-primitive@2.0.0,0,1
is-promise@2.1.0,0,1
is-property@1.0.2,0,2
is-regex@1.0.4,1,1
is-relative@0.1.3,0,1
is-resolvable@1.1.0,0,2
is-stream@1.1.0,0,3
is-symbol@1.0.2,1,1
is-typedarray@1.0.0,0,3
is-windows@1.0.2,0,1
is-wsl@1.1.0,0,1
isarray@0.0.1,0,1
isarray@1.0.0,0,6
isexe@2.0.0,0,2
isobject@2.1.0,1,2
isobject@3.0.1,0,11
isomorphic-fetch@2.2.1,2,1
isstream@0.1.2,0,4
jest-docblock@21.2.0,0,3
jest-haste-map@21.2.0,6,1
js-tokens@4.0.0,0,1
js-tokens@3.0.2,0,1
js-yaml@3.13.1,2,2
jsbn@0.1.1,0,2
jsesc@1.3.0,0,1
jsesc@0.5.0,0,1
json-parse-better-errors@1.0.2,0,2
json-schema-traverse@0.3.1,0,1
json-schema-traverse@0.4.1,0,1
json-schema@0.2.3,0,1
json-stable-stringify-without-jsonify@1.0.1,0,1
json-stable-stringify@1.0.1,1,3
json-stringify-safe@5.0.1,0,4
json5@0.4.0,0,1
json5@0.5.1,0,2
jsonfile@2.4.0,0,2
jsonify@0.0.0,0,2
jsonpointer@4.0.1,0,1
jsprim@1.4.1,4,2
jsx-ast-utils@1.4.1,0,2
kind-of@1.1.0,0,1
kind-of@3.2.2,1,8
kind-of@4.0.0,1,1
kind-of@5.1.0,0,1
kind-of@6.0.2,0,6
klaw@1.3.1,0,1
lcid@1.0.0,1,1
left-pad@1.3.0,0,1
levn@0.3.0,2,3
load-json-file@2.0.0,4,1
locate-path@2.0.0,2,1
lockfile@1.0.4,1,2
lodash.assign@4.2.0,0,1
lodash.cond@4.5.2,0,1
lodash.endswith@4.2.1,0,1
lodash.find@4.6.0,0,1
lodash.findindex@4.6.0,0,1
lodash.merge@4.6.2,0,1
lodash.pad@4.5.1,0,1
lodash.padend@4.6.1,0,1
lodash.padstart@4.6.1,0,1
lodash.pickby@4.6.0,0,1
lodash.unescape@4.0.1,0,1
lodash@3.10.1,0,2
lodash@4.17.15,0,22
loglevel-colored-level-prefix@1.0.0,2,1
loglevel@1.6.4,0,1
loose-envify@1.4.0,1,5
lottie-ios@3.1.3,0,0
lru-cache@2.7.3,0,2
lru-cache@4.1.5,2,1
lru-cache@4.0.2,2,1
macos-release@1.1.0,0,1
makeerror@1.0.11,1,1
map-cache@0.2.2,0,2
map-visit@1.0.0,1,1
math-random@1.0.4,0,1
media-typer@0.3.0,0,1
mem@1.1.0,1,1
merge-stream@1.0.1,1,1
merge@1.2.1,0,1
method-override@2.3.10,4,1
methods@1.1.2,0,1
metro-bundler@0.20.3,36,1
micromatch@2.3.11,13,2
micromatch@3.1.10,13,3
mime-db@1.40.0,0,1
mime-db@1.42.0,0,1
mime-db@1.23.0,0,1
mime-types@2.1.11,1,1
mime-types@2.1.24,1,11
mime@1.3.4,0,1
mime@1.6.0,0,1
mimic-fn@1.2.0,0,2
min-document@2.19.0,1,1
minimatch@1.0.0,2,1
minimatch@3.0.4,1,11
minimatch@2.0.10,1,2
minimist@0.0.8,0,1
minimist@1.2.0,0,5
minimist@0.0.10,0,1
minipass@2.8.6,2,2
minipass@2.9.0,2,1
minizlib@1.3.2,1,1
mixin-deep@1.3.2,2,1
mkdirp@0.5.1,1,16
morgan@1.6.1,5,1
ms@0.7.1,0,3
ms@0.7.2,0,1
ms@2.0.0,0,1
ms@2.1.2,0,1
multiparty@3.3.2,2,1
mute-stream@0.0.5,0,1
mute-stream@0.0.7,0,1
mute-stream@0.0.8,0,1
nan@2.14.0,0,1
nanomatch@1.2.13,11,1
natural-compare@1.4.0,0,2
needle@2.4.0,3,1
negotiator@0.5.3,0,1
negotiator@0.6.2,0,1
next-tick@1.0.0,0,1
node-fetch@1.7.3,2,2
node-gyp@3.0.3,14,1
node-gyp@3.6.3,13,1
node-int64@0.4.0,0,1
node-notifier@5.4.3,5,1
node-pre-gyp@0.12.0,10,1
node-uuid@1.4.8,0,2
nopt@3.0.6,1,4
nopt@4.0.1,2,1
normalize-git-url@3.0.2,0,2
normalize-package-data@2.5.0,4,5
normalize-package-data@2.3.8,4,2
normalize-path@2.1.1,1,3
npm-bundled@1.0.6,0,1
npm-cache-filename@1.0.2,0,2
npm-install-checks@1.0.7,2,2
npm-package-arg@4.2.1,2,3
npm-package-arg@5.1.2,4,1
npm-package-arg@4.0.2,2,1
npm-package-arg@4.1.1,2,1
npm-packlist@1.4.4,2,1
npm-registry-client@7.0.9,12,1
npm-registry-client@7.2.1,9,1
npm-run-path@2.0.2,1,2
npm-user-validate@0.1.5,0,2
npm@2.14.8,68,1
npm@2.15.12,69,1
npmi@1.0.1,2,1
npmlog@1.2.1,3,2
npmlog@4.1.2,4,2
npmlog@2.0.4,3,3
npmlog@3.1.2,4,0
number-is-nan@1.0.1,0,2
oauth-sign@0.8.2,0,3
oauth-sign@0.9.0,0,1
object-assign@4.1.1,0,14
object-copy@0.1.0,3,1
object-inspect@1.6.0,0,1
object-keys@1.1.1,0,3
object-visit@1.0.1,1,2
object.assign@4.1.0,4,1
object.omit@2.0.1,2,1
object.pick@1.3.0,1,2
on-finished@2.3.0,1,4
on-headers@1.0.2,0,6
once@1.4.0,1,11
once@1.3.3,1,1
onetime@1.1.0,0,1
onetime@2.0.1,1,1
opener@1.4.3,0,2
opn@3.0.3,1,1
optimist@0.6.1,2,2
optionator@0.8.2,6,2
options@0.0.6,0,1
os-homedir@1.0.2,0,3
os-locale@2.1.0,3,1
os-name@2.0.1,2,1
os-tmpdir@1.0.2,0,5
osenv@0.1.5,2,6
output-file-sync@1.1.2,3,1
p-finally@1.0.0,0,2
p-limit@1.3.0,1,1
p-locate@2.0.0,1,1
p-try@1.0.0,0,1
parse-glob@3.0.4,4,1
parse-json@2.2.0,1,1
parse-node-version@1.0.1,0,1
parseurl@1.3.3,0,6
pascalcase@0.1.1,0,1
path-array@1.0.1,1,1
path-exists@2.1.0,1,1
path-exists@3.0.0,0,2
path-is-absolute@1.0.1,0,8
path-is-inside@1.0.2,0,5
path-key@2.0.1,0,1
path-parse@1.0.6,0,1
path-type@2.0.0,1,1
pause@0.1.0,0,1
pegjs@0.10.0,0,1
performance-now@0.2.0,0,1
performance-now@2.1.0,0,1
pify@2.3.0,0,2
pinkie-promise@2.0.1,1,3
pinkie@2.0.4,0,1
pkg-dir@1.0.0,1,1
pkg-up@1.0.0,1,1
pkg-up@2.0.0,1,1
plist@2.0.1,3,1
plist@1.2.0,4,1
plugin-error@0.1.2,5,1
pluralize@1.2.1,0,1
pluralize@7.0.0,0,1
posix-character-classes@0.1.1,0,1
prelude-ls@1.1.2,0,3
preserve@0.2.0,0,1
prettier-eslint@8.8.2,13,0
prettier@1.18.2,0,1
pretty-format@23.6.0,2,1
pretty-format@4.3.1,0,1
private@0.1.8,0,2
process-nextick-args@1.0.7,0,2
process-nextick-args@2.0.1,0,1
process@0.11.10,0,1
progress@1.1.8,0,1
progress@2.0.3,0,1
promise@7.3.1,1,2
promzard@0.3.0,1,1
prop-types@15.7.2,3,2
proto-list@1.2.4,0,1
prr@1.0.1,0,1
pseudomap@1.0.2,0,2
psl@1.4.0,0,2
punycode@1.4.1,0,2
punycode@2.1.1,0,2
q@1.4.1,0,1
qs@4.0.0,0,2
qs@5.1.0,0,1
qs@6.2.3,0,1
qs@6.4.0,0,1
qs@6.5.2,0,1
random-bytes@1.0.0,0,1
randomatic@3.1.1,3,1
range-parser@1.0.3,0,1
raw-body@2.1.7,3,1
rc@1.2.8,4,1
react-clone-referenced-element@1.1.0,0,1
react-deep-force-update@1.1.2,0,1
react-devtools-core@2.5.2,2,1
react-is@16.10.1,0,1
react-native-safe-modules@1.0.0,1,0
react-native@0.50.3,52,0
react-proxy@1.1.8,2,1
react-timer-mixin@0.13.4,0,1
react-transform-hmr@1.0.4,2,1
react@16.0.0,4,0
read-installed@4.0.3,6,2
read-package-json@2.1.0,4,2
read-package-json@2.0.13,4,2
read-pkg-up@2.0.0,2,1
read-pkg@2.0.0,3,1
read@1.0.7,1,4
readable-stream@2.3.6,7,8
readable-stream@1.1.14,4,3
readable-stream@2.0.6,6,2
readable-stream@2.1.5,7,1
readdir-scoped-modules@1.1.0,4,1
readdirp@2.2.1,3,1
readline2@1.0.1,3,1
realize-package-specifier@3.0.3,2,2
rechoir@0.6.2,1,1
regenerate@1.4.0,0,1
regenerator-runtime@0.10.5,0,1
regenerator-runtime@0.11.1,0,1
regenerator-runtime@0.9.6,0,1
regenerator-transform@0.10.1,3,1
regex-cache@0.4.4,1,1
regex-not@1.0.2,2,5
regexpp@1.1.0,0,1
regexpu-core@2.0.0,3,1
regjsgen@0.2.0,0,1
regjsparser@0.1.5,1,1
remove-trailing-separator@1.1.0,0,1
repeat-element@1.1.3,0,3
repeat-string@1.6.1,0,3
repeating@2.0.1,1,1
request@2.88.0,20,4
request@2.81.0,22,1
request@2.64.0,19,1
request@2.74.0,21,1
require-directory@2.1.1,0,1
require-main-filename@1.0.1,0,1
require-relative@0.8.7,0,1
require-uncached@1.0.3,2,2
reselect@3.0.1,0,1
resolve-from@1.0.1,0,1
resolve-url@0.2.1,0,1
resolve@1.12.0,1,5
response-time@2.3.2,2,1
restore-cursor@1.0.1,2,1
restore-cursor@2.0.0,2,1
ret@0.1.15,0,1
retry@0.10.1,0,2
retry@0.8.0,0,2
rimraf@2.7.1,1,9
rimraf@2.2.8,0,1
rimraf@2.4.5,1,1
rimraf@2.5.4,1,1
rimraf@2.6.3,1,1
rndm@1.2.0,0,1
rsvp@3.6.2,0,1
run-async@0.1.0,1,1
run-async@2.3.0,1,1
rx-lite-aggregates@4.0.8,1,1
rx-lite@4.0.8,0,2
rx-lite@3.1.2,0,1
safe-buffer@5.2.0,0,6
safe-buffer@5.0.1,0,1
safe-buffer@5.1.2,0,3
safe-regex@1.1.0,1,2
safer-buffer@2.1.2,0,4
sane@2.5.2,8,1
sax@1.2.4,0,1
sax@1.1.6,0,1
semver@5.7.1,0,19
semver@5.0.1,0,1
semver@5.5.0,0,1
semver@4.3.6,0,1
semver@5.0.3,0,1
semver@5.1.1,0,1
semver@5.3.0,0,1
send@0.13.2,12,1
serve-favicon@2.3.2,4,1
serve-index@1.7.3,7,1
serve-static@1.10.3,3,1
set-blocking@2.0.0,0,3
set-value@2.0.1,4,2
setimmediate@1.0.5,0,1
sha@2.0.1,2,2
shebang-command@1.2.0,1,1
shebang-regex@1.0.0,0,1
shell-quote@1.6.1,4,1
shell-quote@1.7.2,0,1
shelljs@0.7.8,3,1
shellwords@0.1.1,0,1
sigmund@1.0.1,0,1
signal-exit@3.0.2,0,6
simple-plist@0.2.1,3,1
slash@1.0.0,0,4
slice-ansi@0.0.4,0,1
slice-ansi@1.0.0,1,1
slide@1.1.6,0,7
snapdragon-node@2.1.1,3,1
snapdragon-util@3.0.1,1,1
snapdragon@0.8.2,8,5
sntp@1.0.9,1,1
sorted-object@1.0.0,0,1
sorted-object@2.0.1,0,1
source-map-resolve@0.5.2,5,1
source-map-support@0.4.18,1,1
source-map-url@0.4.0,0,1
source-map@0.5.7,0,6
source-map@0.6.1,0,1
spdx-correct@3.1.0,2,1
spdx-exceptions@2.2.0,0,1
spdx-expression-parse@3.0.0,2,2
spdx-license-ids@1.2.2,0,2
spdx-license-ids@3.0.5,0,2
spdx@0.4.3,1,1
split-string@3.1.0,1,2
sprintf-js@1.0.3,0,1
sshpk@1.16.1,9,2
stacktrace-parser@0.1.7,1,1
static-extend@0.1.2,2,1
statuses@1.5.0,0,1
statuses@1.2.1,0,1
stream-buffers@2.2.0,0,1
stream-counter@0.2.0,1,1
string-width@1.0.2,3,5
string-width@2.1.1,2,5
string.prototype.trimleft@2.1.0,2,1
string.prototype.trimright@2.1.0,2,1
string_decoder@0.10.31,0,3
string_decoder@1.1.1,1,1
stringstream@0.0.6,0,3
strip-ansi@3.0.1,1,9
strip-ansi@4.0.0,1,3
strip-bom@3.0.0,0,2
strip-eof@1.0.0,0,2
strip-json-comments@2.0.1,0,3
supports-color@2.0.0,0,1
supports-color@5.5.0,1,1
table@4.0.2,6,1
table@3.8.3,6,1
tar@1.0.3,3,1
tar@2.2.2,3,3
tar@4.4.13,7,1
temp@0.8.3,2,1
text-table@0.2.0,0,4
throat@4.1.0,0,1
through2@2.0.5,2,1
through@2.3.8,0,2
time-stamp@1.1.0,0,1
tmp@0.0.27,1,1
tmp@0.0.33,1,1
tmpl@1.0.4,0,1
to-fast-properties@1.0.3,0,1
to-object-path@0.3.0,1,1
to-regex-range@2.1.1,2,1
to-regex@3.0.2,4,5
tough-cookie@3.0.1,3,1
tough-cookie@2.3.4,1,2
tough-cookie@2.4.3,2,1
trim-right@1.0.1,0,1
tsscmp@1.0.5,0,1
tunnel-agent@0.6.0,1,2
tunnel-agent@0.4.3,0,2
tweetnacl@0.14.5,0,2
type-check@0.3.2,1,2
type-fest@0.7.1,0,1
type-is@1.6.18,2,2
type@1.2.0,0,1
typedarray@0.0.6,0,1
typescript-eslint-parser@16.0.1,2,1
typescript@2.9.2,0,1
ua-parser-js@0.7.20,0,1
uglify-es@3.3.9,2,1
uid-number@0.0.6,0,2
uid-safe@2.1.4,1,1
uid-safe@2.0.0,1,1
ultron@1.0.2,0,1
ultron@1.1.1,0,1
umask@1.1.0,0,2
union-value@1.0.1,4,1
unpipe@1.0.0,0,2
unset-value@1.0.0,2,1
uri-js@4.2.2,1,1
urix@0.1.0,0,1
use@3.1.1,0,1
user-home@2.0.0,1,2
user-home@1.1.1,0,1
util-deprecate@1.0.2,0,4
util-extend@1.0.3,0,1
utils-merge@1.0.0,0,2
uuid@3.0.1,0,1
uuid@3.3.3,0,2
v8flags@2.1.1,1,1
validate-npm-package-license@3.0.4,2,5
validate-npm-package-name@3.0.0,1,2
validate-npm-package-name@2.2.2,1,2
vary@1.0.1,0,1
vary@1.1.2,0,1
verror@1.10.0,3,1
vhost@3.0.2,0,1
vue-eslint-parser@2.0.3,6,1
walker@1.0.7,1,1
watch@0.18.0,2,1
wcwidth@1.0.1,1,1
whatwg-fetch@3.0.0,0,1
whatwg-fetch@1.1.1,0,1
which-module@2.0.0,0,1
which@1.3.1,1,5
which@1.1.2,1,1
which@1.2.14,1,1
wide-align@1.1.3,1,2
win-release@1.1.1,1,1
wordwrap@1.0.0,0,2
wordwrap@0.0.3,0,1
worker-farm@1.7.0,1,1
wrap-ansi@2.1.0,2,1
wrappy@1.0.2,0,6
write-file-atomic@1.3.4,3,1
write-file-atomic@1.1.4,3,2
write@0.2.1,1,1
ws@1.1.5,2,1
ws@2.3.1,2,1
xcode@0.9.3,3,1
xmlbuilder@4.0.0,1,1
xmlbuilder@8.2.2,0,1
xmldoc@0.4.0,1,1
xmldom@0.1.27,0,2
xpipe@1.0.5,0,1
xtend@4.0.2,0,2
y18n@3.2.1,0,1
yallist@2.1.2,0,2
yallist@3.1.0,0,3
yargs-parser@7.0.0,1,1
yargs@9.0.1,13,1
