@babel/code-frame@7.5.5,1,10
@babel/code-frame@7.8.3,1,3
@babel/compat-data@7.8.5,3,2
@babel/core@7.7.7,14,10
@babel/core@7.8.4,15,2
@babel/generator@7.7.7,4,3
@babel/generator@7.8.4,4,2
@babel/helper-annotate-as-pure@7.7.4,1,3
@babel/helper-annotate-as-pure@7.8.3,1,3
@babel/helper-builder-binary-assignment-operator-visitor@7.7.4,2,1
@babel/helper-builder-binary-assignment-operator-visitor@7.8.3,2,1
@babel/helper-builder-react-jsx@7.7.4,2,1
@babel/helper-builder-react-jsx@7.8.3,2,1
@babel/helper-call-delegate@7.7.4,3,1
@babel/helper-call-delegate@7.8.3,3,1
@babel/helper-compilation-targets@7.8.4,5,1
@babel/helper-create-class-features-plugin@7.7.4,6,3
@babel/helper-create-class-features-plugin@7.8.3,6,2
@babel/helper-create-regexp-features-plugin@7.7.4,2,4
@babel/helper-create-regexp-features-plugin@7.8.3,2,4
@babel/helper-define-map@7.7.4,3,1
@babel/helper-define-map@7.8.3,3,1
@babel/helper-explode-assignable-expression@7.7.4,2,1
@babel/helper-explode-assignable-expression@7.8.3,2,1
@babel/helper-function-name@7.7.4,3,6
@babel/helper-function-name@7.8.3,3,6
@babel/helper-get-function-arity@7.7.4,1,2
@babel/helper-get-function-arity@7.8.3,1,2
@babel/helper-hoist-variables@7.7.4,1,2
@babel/helper-hoist-variables@7.8.3,1,2
@babel/helper-member-expression-to-functions@7.7.4,1,2
@babel/helper-member-expression-to-functions@7.8.3,1,2
@babel/helper-module-imports@7.7.4,1,5
@babel/helper-module-imports@7.8.3,1,3
@babel/helper-module-transforms@7.7.5,6,3
@babel/helper-module-transforms@7.8.3,6,4
@babel/helper-optimise-call-expression@7.7.4,1,3
@babel/helper-optimise-call-expression@7.8.3,1,3
@babel/helper-plugin-utils@7.0.0,0,65
@babel/helper-plugin-utils@7.8.3,0,61
@babel/helper-regex@7.5.5,1,2
@babel/helper-regex@7.8.3,1,2
@babel/helper-remap-async-to-generator@7.7.4,5,2
@babel/helper-remap-async-to-generator@7.8.3,5,2
@babel/helper-replace-supers@7.7.4,4,3
@babel/helper-replace-supers@7.8.3,4,3
@babel/helper-simple-access@7.7.4,2,2
@babel/helper-simple-access@7.8.3,2,2
@babel/helper-split-export-declaration@7.7.4,1,4
@babel/helper-split-export-declaration@7.8.3,1,4
@babel/helper-wrap-function@7.7.4,4,1
@babel/helper-wrap-function@7.8.3,4,1
@babel/helpers@7.7.4,3,1
@babel/helpers@7.8.4,3,1
@babel/highlight@7.5.0,3,1
@babel/highlight@7.8.3,3,1
@babel/parser@7.7.7,0,7
@babel/parser@7.8.4,0,4
@babel/plugin-external-helpers@7.7.4,1,1
@babel/plugin-proposal-async-generator-functions@7.7.4,3,1
@babel/plugin-proposal-async-generator-functions@7.8.3,3,1
@babel/plugin-proposal-class-properties@7.7.4,2,4
@babel/plugin-proposal-class-properties@7.8.3,2,1
@babel/plugin-proposal-decorators@7.7.4,3,2
@babel/plugin-proposal-dynamic-import@7.7.4,2,1
@babel/plugin-proposal-dynamic-import@7.8.3,2,1
@babel/plugin-proposal-export-default-from@7.7.4,2,2
@babel/plugin-proposal-json-strings@7.7.4,2,1
@babel/plugin-proposal-json-strings@7.8.3,2,1
@babel/plugin-proposal-nullish-coalescing-operator@7.7.4,2,3
@babel/plugin-proposal-nullish-coalescing-operator@7.8.3,2,1
@babel/plugin-proposal-object-rest-spread@7.7.7,2,5
@babel/plugin-proposal-object-rest-spread@7.8.3,2,1
@babel/plugin-proposal-optional-catch-binding@7.7.4,2,4
@babel/plugin-proposal-optional-catch-binding@7.8.3,2,1
@babel/plugin-proposal-optional-chaining@7.7.5,2,3
@babel/plugin-proposal-optional-chaining@7.8.3,2,1
@babel/plugin-proposal-unicode-property-regex@7.7.7,2,1
@babel/plugin-proposal-unicode-property-regex@7.8.3,2,1
@babel/plugin-syntax-async-generators@7.7.4,1,2
@babel/plugin-syntax-async-generators@7.8.4,1,2
@babel/plugin-syntax-bigint@7.8.3,1,1
@babel/plugin-syntax-class-properties@7.7.4,1,1
@babel/plugin-syntax-decorators@7.7.4,1,1
@babel/plugin-syntax-dynamic-import@7.7.4,1,4
@babel/plugin-syntax-dynamic-import@7.8.3,1,2
@babel/plugin-syntax-export-default-from@7.7.4,1,3
@babel/plugin-syntax-flow@7.7.4,1,4
@babel/plugin-syntax-flow@7.8.3,1,1
@babel/plugin-syntax-json-strings@7.7.4,1,2
@babel/plugin-syntax-json-strings@7.8.3,1,2
@babel/plugin-syntax-jsx@7.7.4,1,3
@babel/plugin-syntax-jsx@7.8.3,1,3
@babel/plugin-syntax-nullish-coalescing-operator@7.7.4,1,1
@babel/plugin-syntax-nullish-coalescing-operator@7.8.3,1,2
@babel/plugin-syntax-object-rest-spread@7.7.4,1,4
@babel/plugin-syntax-object-rest-spread@7.8.3,1,2
@babel/plugin-syntax-optional-catch-binding@7.7.4,1,2
@babel/plugin-syntax-optional-catch-binding@7.8.3,1,2
@babel/plugin-syntax-optional-chaining@7.7.4,1,1
@babel/plugin-syntax-optional-chaining@7.8.3,1,2
@babel/plugin-syntax-top-level-await@7.7.4,1,1
@babel/plugin-syntax-top-level-await@7.8.3,1,1
@babel/plugin-syntax-typescript@7.7.4,1,1
@babel/plugin-syntax-typescript@7.8.3,1,1
@babel/plugin-transform-arrow-functions@7.7.4,1,4
@babel/plugin-transform-arrow-functions@7.8.3,1,1
@babel/plugin-transform-async-to-generator@7.7.4,3,2
@babel/plugin-transform-async-to-generator@7.8.3,3,1
@babel/plugin-transform-block-scoped-functions@7.7.4,1,2
@babel/plugin-transform-block-scoped-functions@7.8.3,1,1
@babel/plugin-transform-block-scoping@7.7.4,2,4
@babel/plugin-transform-block-scoping@7.8.3,2,1
@babel/plugin-transform-classes@7.7.4,8,4
@babel/plugin-transform-classes@7.8.3,8,1
@babel/plugin-transform-computed-properties@7.7.4,1,4
@babel/plugin-transform-computed-properties@7.8.3,1,1
@babel/plugin-transform-destructuring@7.7.4,1,4
@babel/plugin-transform-destructuring@7.8.3,1,1
@babel/plugin-transform-dotall-regex@7.7.7,2,1
@babel/plugin-transform-dotall-regex@7.8.3,2,1
@babel/plugin-transform-duplicate-keys@7.7.4,1,1
@babel/plugin-transform-duplicate-keys@7.8.3,1,1
@babel/plugin-transform-exponentiation-operator@7.7.4,2,3
@babel/plugin-transform-exponentiation-operator@7.8.3,2,1
@babel/plugin-transform-flow-strip-types@7.7.4,2,4
@babel/plugin-transform-flow-strip-types@7.8.3,2,1
@babel/plugin-transform-for-of@7.7.4,1,4
@babel/plugin-transform-for-of@7.8.4,1,1
@babel/plugin-transform-function-name@7.7.4,2,4
@babel/plugin-transform-function-name@7.8.3,2,1
@babel/plugin-transform-literals@7.7.4,1,4
@babel/plugin-transform-literals@7.8.3,1,1
@babel/plugin-transform-member-expression-literals@7.7.4,1,2
@babel/plugin-transform-member-expression-literals@7.8.3,1,1
@babel/plugin-transform-modules-amd@7.7.5,3,1
@babel/plugin-transform-modules-amd@7.8.3,3,1
@babel/plugin-transform-modules-commonjs@7.7.5,4,6
@babel/plugin-transform-modules-commonjs@7.8.3,4,1
@babel/plugin-transform-modules-systemjs@7.7.4,3,1
@babel/plugin-transform-modules-systemjs@7.8.3,4,1
@babel/plugin-transform-modules-umd@7.7.4,2,1
@babel/plugin-transform-modules-umd@7.8.3,2,1
@babel/plugin-transform-named-capturing-groups-regex@7.7.4,1,1
@babel/plugin-transform-named-capturing-groups-regex@7.8.3,1,1
@babel/plugin-transform-new-target@7.7.4,1,1
@babel/plugin-transform-new-target@7.8.3,1,1
@babel/plugin-transform-object-assign@7.7.4,1,2
@babel/plugin-transform-object-super@7.7.4,2,2
@babel/plugin-transform-object-super@7.8.3,2,1
@babel/plugin-transform-parameters@7.7.7,3,4
@babel/plugin-transform-parameters@7.8.4,3,1
@babel/plugin-transform-property-literals@7.7.4,1,2
@babel/plugin-transform-property-literals@7.8.3,1,1
@babel/plugin-transform-react-display-name@7.7.4,1,3
@babel/plugin-transform-react-display-name@7.8.3,1,1
@babel/plugin-transform-react-jsx-self@7.8.3,2,1
@babel/plugin-transform-react-jsx-source@7.7.4,2,2
@babel/plugin-transform-react-jsx-source@7.8.3,2,1
@babel/plugin-transform-react-jsx@7.7.7,3,3
@babel/plugin-transform-react-jsx@7.8.3,3,1
@babel/plugin-transform-regenerator@7.7.5,1,3
@babel/plugin-transform-regenerator@7.8.3,1,1
@babel/plugin-transform-reserved-words@7.7.4,1,1
@babel/plugin-transform-reserved-words@7.8.3,1,1
@babel/plugin-transform-runtime@7.7.6,4,2
@babel/plugin-transform-shorthand-properties@7.7.4,1,4
@babel/plugin-transform-shorthand-properties@7.8.3,1,1
@babel/plugin-transform-spread@7.7.4,1,4
@babel/plugin-transform-spread@7.8.3,1,1
@babel/plugin-transform-sticky-regex@7.7.4,2,3
@babel/plugin-transform-sticky-regex@7.8.3,2,1
@babel/plugin-transform-template-literals@7.7.4,2,4
@babel/plugin-transform-template-literals@7.8.3,2,1
@babel/plugin-transform-typeof-symbol@7.7.4,1,1
@babel/plugin-transform-typeof-symbol@7.8.4,1,1
@babel/plugin-transform-typescript@7.7.4,3,2
@babel/plugin-transform-typescript@7.8.3,3,1
@babel/plugin-transform-unicode-regex@7.7.4,2,3
@babel/plugin-transform-unicode-regex@7.8.3,2,1
@babel/preset-env@7.7.7,51,2
@babel/preset-env@7.8.4,57,1
@babel/preset-flow@7.8.3,2,1
@babel/preset-react@7.8.3,5,1
@babel/preset-typescript@7.8.3,2,1
@babel/register@7.7.7,5,1
@babel/runtime@7.7.7,1,33
@babel/runtime@7.8.4,1,0
@babel/template@7.7.4,3,11
@babel/template@7.8.3,3,7
@babel/traverse@7.7.4,9,12
@babel/traverse@7.8.4,9,7
@babel/types@7.7.4,3,32
@babel/types@7.8.3,3,24
@bcoe/v8-coverage@0.2.3,0,1
@callstack/react-theme-provider@3.0.5,2,1
@cnakazawa/watch@1.0.3,2,1
@commitlint/cli@8.3.5,11,1
@commitlint/config-conventional@8.3.4,1,0
@commitlint/ensure@8.3.4,1,1
@commitlint/execute-rule@8.3.4,0,1
@commitlint/format@8.3.4,1,1
@commitlint/is-ignored@8.3.5,1,1
@commitlint/lint@8.3.5,5,1
@commitlint/load@8.3.5,7,1
@commitlint/message@8.3.4,0,1
@commitlint/parse@8.3.4,3,1
@commitlint/read@8.3.4,4,1
@commitlint/resolve-extends@8.3.5,4,1
@commitlint/rules@8.3.4,4,1
@commitlint/to-lines@8.3.4,0,1
@commitlint/top-level@8.3.4,1,1
@egjs/hammerjs@2.0.17,1,1
@evocateur/libnpmaccess@3.1.2,5,1
@evocateur/libnpmpublish@1.2.2,9,1
@evocateur/npm-registry-fetch@4.0.0,7,5
@evocateur/pacote@9.6.5,29,3
@expo/build-tools@0.1.3,13,1
@expo/bunyan@3.0.2,2,2
@expo/config@2.5.7,7,5
@expo/dev-tools@0.9.9,9,1
@expo/image-utils@0.2.12,2,1
@expo/json-file@8.2.5,6,3
@expo/ngrok-bin-darwin-ia32@2.2.8,0,0
@expo/ngrok-bin-darwin-x64@2.2.8,0,0
@expo/ngrok-bin-freebsd-ia32@2.2.8,0,0
@expo/ngrok-bin-freebsd-x64@2.2.8,0,0
@expo/ngrok-bin-linux-arm64@2.2.8,0,0
@expo/ngrok-bin-linux-arm@2.2.8,0,0
@expo/ngrok-bin-linux-ia32@2.2.8,0,0
@expo/ngrok-bin-linux-x64@2.2.8,0,0
@expo/ngrok-bin-sunos-x64@2.2.8,0,0
@expo/ngrok-bin-win32-ia32@2.2.8-beta.1,0,0
@expo/ngrok-bin-win32-x64@2.2.8-beta.1,0,0
@expo/ngrok-bin@2.2.8-beta.3,0,1
@expo/ngrok@2.4.3,6,1
@expo/osascript@2.0.10,2,1
@expo/package-manager@0.0.4,9,1
@expo/schemer@1.3.4,6,1
@expo/simple-spinner@1.0.2,0,1
@expo/spawn-async@1.5.0,1,6
@expo/template-file@0.1.0,2,1
@expo/traveling-fastlane-darwin@1.11.4,0,0
@expo/traveling-fastlane-linux@1.11.4,0,0
@expo/vector-icons@10.0.6,1,1
@expo/webpack-config@0.10.12,34,1
@expo/webpack-pwa-manifest-plugin@1.2.19,7,1
@expo/websql@1.0.1,5,1
@expo/xdl@57.4.7,69,1
@hapi/address@2.1.4,0,2
@hapi/boom@7.4.11,1,1
@hapi/bourne@1.3.2,0,1
@hapi/formula@1.2.0,0,1
@hapi/hoek@8.5.0,0,4
@hapi/joi@15.1.1,4,1
@hapi/joi@16.1.8,5,1
@hapi/pinpoint@1.0.2,0,1
@hapi/topo@3.1.6,1,2
@istanbuljs/load-nyc-config@1.0.0,4,1
@istanbuljs/schema@0.1.2,0,3
@jest/console@24.9.0,3,2
@jest/console@25.1.0,4,5
@jest/core@25.1.0,28,2
@jest/environment@25.1.0,3,6
@jest/fake-timers@24.9.0,3,1
@jest/fake-timers@25.1.0,5,3
@jest/reporters@25.1.0,25,1
@jest/source-map@24.9.0,3,2
@jest/source-map@25.1.0,3,3
@jest/test-result@24.9.0,3,2
@jest/test-result@25.1.0,5,9
@jest/test-sequencer@25.1.0,4,1
@jest/transform@25.1.0,16,5
@jest/types@24.9.0,3,8
@jest/types@25.1.0,4,27
@jimp/bmp@0.9.3,4,1
@jimp/core@0.9.3,12,1
@jimp/custom@0.9.3,3,1
@jimp/gif@0.9.3,4,1
@jimp/jpeg@0.9.3,4,1
@jimp/plugin-blit@0.9.3,3,1
@jimp/plugin-blur@0.9.3,3,1
@jimp/plugin-color@0.9.3,4,1
@jimp/plugin-contain@0.9.3,3,1
@jimp/plugin-cover@0.9.3,3,1
@jimp/plugin-crop@0.9.3,3,1
@jimp/plugin-displace@0.9.3,3,1
@jimp/plugin-dither@0.9.3,3,1
@jimp/plugin-flip@0.9.3,3,1
@jimp/plugin-gaussian@0.9.3,3,1
@jimp/plugin-invert@0.9.3,3,1
@jimp/plugin-mask@0.9.3,3,1
@jimp/plugin-normalize@0.9.3,3,1
@jimp/plugin-print@0.9.3,4,1
@jimp/plugin-resize@0.9.3,3,1
@jimp/plugin-rotate@0.9.3,3,1
@jimp/plugin-scale@0.9.3,3,1
@jimp/plugins@0.9.3,20,1
@jimp/png@0.9.3,4,1
@jimp/tiff@0.9.3,3,1
@jimp/types@0.9.3,8,1
@jimp/utils@0.9.3,2,22
@lerna/add@3.20.0,10,1
@lerna/bootstrap@3.20.0,23,2
@lerna/changed@3.20.0,4,1
@lerna/check-working-tree@3.16.5,3,2
@lerna/child-process@3.16.5,3,16
@lerna/clean@3.20.0,8,1
@lerna/cli@3.18.5,4,1
@lerna/collect-uncommitted@3.16.5,4,1
@lerna/collect-updates@3.20.0,5,4
@lerna/command@3.18.5,10,15
@lerna/conventional-commits@3.18.5,11,1
@lerna/create-symlink@3.16.2,3,2
@lerna/create@3.18.5,18,1
@lerna/describe-ref@3.16.5,2,3
@lerna/diff@3.18.5,4,1
@lerna/exec@3.20.0,7,1
@lerna/filter-options@3.20.0,5,6
@lerna/filter-packages@3.18.0,3,1
@lerna/get-npm-exec-opts@3.13.0,1,2
@lerna/get-packed@3.16.0,3,1
@lerna/github-client@3.16.5,5,1
@lerna/gitlab-client@3.15.0,3,1
@lerna/global-options@3.13.0,0,1
@lerna/has-npm-version@3.16.5,2,1
@lerna/import@3.18.5,8,1
@lerna/info@3.20.0,3,1
@lerna/init@3.18.5,5,1
@lerna/link@3.18.5,5,1
@lerna/list@3.20.0,4,1
@lerna/listable@3.18.5,3,2
@lerna/log-packed@3.16.0,4,1
@lerna/npm-conf@3.16.0,2,4
@lerna/npm-dist-tag@3.18.5,5,1
@lerna/npm-install@3.16.5,7,1
@lerna/npm-publish@3.18.5,9,1
@lerna/npm-run-script@3.16.5,3,1
@lerna/otplease@3.18.5,2,3
@lerna/output@3.13.0,1,6
@lerna/pack-directory@3.16.4,8,1
@lerna/package-graph@3.18.5,5,4
@lerna/package@3.16.0,3,3
@lerna/prerelease-id-from-version@3.16.0,1,3
@lerna/profiler@3.20.0,4,2
@lerna/project@3.18.0,12,1
@lerna/prompt@3.18.5,2,5
@lerna/publish@3.20.2,30,1
@lerna/pulse-till-done@3.13.0,1,4
@lerna/query-graph@3.18.5,2,2
@lerna/resolve-symlink@3.16.0,3,1
@lerna/rimraf-dir@3.16.5,4,2
@lerna/run-lifecycle@3.16.2,4,5
@lerna/run-topologically@3.18.5,3,5
@lerna/run@3.20.0,9,1
@lerna/symlink-binary@3.17.0,4,2
@lerna/symlink-dependencies@3.17.0,7,2
@lerna/timer@3.13.0,0,1
@lerna/validation-error@3.13.0,1,15
@lerna/version@3.20.2,26,2
@lerna/write-log-file@3.13.0,2,1
@marionebl/sander@0.6.1,3,1
@mrmlnc/readdir-enhanced@2.2.1,2,1
@nodelib/fs.scandir@2.1.3,2,1
@nodelib/fs.stat@2.0.3,0,2
@nodelib/fs.stat@1.1.3,0,1
@nodelib/fs.walk@1.2.4,2,1
@octokit/endpoint@5.5.1,3,1
@octokit/plugin-enterprise-rest@3.6.2,0,1
@octokit/request-error@1.2.0,3,2
@octokit/request@5.3.1,8,1
@octokit/rest@16.36.0,12,1
@octokit/types@2.0.2,1,3
@react-native-community/bob@0.9.3,19,0
@react-native-community/cli-debugger-ui@3.0.0,1,1
@react-native-community/cli-platform-android@3.0.3,7,1
@react-native-community/cli-platform-ios@3.0.0,4,1
@react-native-community/cli-tools@3.0.0,4,3
@react-native-community/cli-types@3.0.0,0,1
@react-native-community/cli@3.0.4,38,1
@react-native-community/masked-view@0.1.6,0,0
@segment/loosely-validate-event@2.0.0,2,1
@sindresorhus/is@0.14.0,0,1
@sinonjs/commons@1.7.0,1,1
@szmarczak/http-timer@1.1.2,1,1
@tootallnate/once@1.0.0,0,1
@types/anymatch@1.3.1,0,1
@types/babel__core@7.1.3,5,1
@types/babel__generator@7.6.1,1,1
@types/babel__template@7.0.2,2,1
@types/babel__traverse@7.0.8,1,2
@types/bunyan@1.8.6,1,1
@types/cli-table@0.3.0,0,1
@types/color-convert@1.9.0,1,1
@types/color-name@1.1.1,0,2
@types/color@3.0.1,1,0
@types/eslint-visitor-keys@1.0.0,0,1
@types/events@3.0.0,0,1
@types/fbemitter@2.0.32,0,1
@types/glob@7.1.1,3,4
@types/hammerjs@2.0.36,0,2
@types/hapi__joi@16.0.6,0,1
@types/hapi__joi@15.0.4,1,1
@types/invariant@2.2.31,0,2
@types/istanbul-lib-coverage@2.0.1,0,7
@types/istanbul-lib-report@1.1.1,1,1
@types/istanbul-reports@1.1.1,2,2
@types/jest@25.1.2,2,0
@types/json-schema@7.0.4,0,1
@types/lodash.zipobject@4.1.6,1,1
@types/lodash@4.14.149,0,1
@types/minimatch@3.0.3,0,1
@types/node@13.1.5,0,5
@types/node@9.6.55,0,1
@types/normalize-package-data@2.4.0,0,1
@types/parse-json@4.0.0,0,1
@types/prop-types@15.7.3,0,3
@types/q@1.5.2,0,1
@types/qs@6.9.0,0,1
@types/react-is@16.7.1,1,0
@types/react-native-restart@0.0.0,0,0
@types/react-native-vector-icons@6.4.5,2,0
@types/react-native@0.60.30,2,1
@types/react@16.9.17,2,3
@types/react@16.9.19,2,0
@types/retry@0.12.0,0,1
@types/shortid@0.0.29,0,0
@types/source-list-map@0.1.2,0,1
@types/stack-utils@1.0.1,0,2
@types/tapable@1.0.4,0,1
@types/tapable@1.0.2,0,1
@types/uglify-js@3.0.4,1,1
@types/untildify@3.0.0,0,1
@types/use-subscription@1.0.0,0,0
@types/uuid-js@0.7.2,0,1
@types/webpack-sources@0.1.5,3,1
@types/webpack@4.41.2,6,1
@types/websql@0.0.27,0,1
@types/yargs-parser@13.1.0,0,2
@types/yargs@13.0.5,1,1
@types/yargs@15.0.3,1,2
@typescript-eslint/eslint-plugin@2.15.0,5,1
@typescript-eslint/experimental-utils@2.15.0,3,3
@typescript-eslint/parser@2.15.0,4,1
@typescript-eslint/typescript-estree@2.15.0,7,2
@unimodules/core@5.0.0,1,2
@unimodules/react-native-adapter@5.0.0,3,2
@webassemblyjs/ast@1.8.5,3,9
@webassemblyjs/floating-point-hex-parser@1.8.5,0,1
@webassemblyjs/helper-api-error@1.8.5,0,2
@webassemblyjs/helper-buffer@1.8.5,0,3
@webassemblyjs/helper-code-frame@1.8.5,1,1
@webassemblyjs/helper-fsm@1.8.5,0,1
@webassemblyjs/helper-module-context@1.8.5,2,2
@webassemblyjs/helper-wasm-bytecode@1.8.5,0,5
@webassemblyjs/helper-wasm-section@1.8.5,4,1
@webassemblyjs/ieee754@1.8.5,1,2
@webassemblyjs/leb128@1.8.5,1,2
@webassemblyjs/utf8@1.8.5,0,2
@webassemblyjs/wasm-edit@1.8.5,8,1
@webassemblyjs/wasm-gen@1.8.5,5,3
@webassemblyjs/wasm-opt@1.8.5,4,1
@webassemblyjs/wasm-parser@1.8.5,6,3
@webassemblyjs/wast-parser@1.8.5,6,2
@webassemblyjs/wast-printer@1.8.5,3,2
@wry/equality@0.1.9,1,1
@xtuc/ieee754@1.2.0,0,1
@xtuc/long@4.2.2,0,3
@zkochan/cmd-shim@3.1.0,3,1
JSONStream@1.3.5,2,3
abab@2.0.3,0,2
abbrev@1.1.1,0,1
abort-controller@3.0.0,1,1
absolute-path@0.0.0,0,2
accepts@1.3.7,2,5
acorn-globals@4.3.4,2,1
acorn-jsx@5.1.0,0,1
acorn-walk@6.2.0,0,2
acorn@6.4.0,0,3
acorn@7.1.0,0,2
address@1.1.0,0,1
address@1.1.2,0,1
agent-base@4.3.0,1,2
agent-base@5.1.1,0,1
agent-base@6.0.0,1,1
agent-base@4.2.1,1,1
agentkeepalive@3.5.2,1,2
aggregate-error@3.0.1,2,1
ajv-errors@1.0.1,0,1
ajv-keywords@3.4.1,0,4
ajv@5.5.2,4,1
ajv@6.10.2,4,7
alphanum-sort@1.0.2,0,3
analytics-node@3.3.0,9,1
ansi-align@3.0.0,1,1
ansi-colors@1.1.0,1,1
ansi-colors@3.2.4,0,2
ansi-cyan@0.1.1,1,1
ansi-escapes@3.2.0,0,4
ansi-escapes@4.3.0,1,5
ansi-fragments@0.2.1,3,1
ansi-gray@0.1.1,1,1
ansi-html@0.0.7,0,1
ansi-red@0.1.1,1,1
ansi-regex@2.1.1,0,2
ansi-regex@3.0.0,0,2
ansi-regex@4.1.0,0,3
ansi-regex@5.0.0,0,3
ansi-styles@2.2.1,0,1
ansi-styles@3.2.1,1,6
ansi-styles@4.2.1,2,4
ansi-wrap@0.1.0,0,4
any-base@1.1.0,0,1
any-promise@1.3.0,0,4
anymatch@2.0.0,2,3
anymatch@3.1.1,2,1
apollo-link@1.2.1,3,1
apollo-utilities@1.3.3,4,2
aproba@1.2.0,0,4
aproba@2.0.0,0,2
are-we-there-yet@1.1.5,2,1
argparse@1.0.10,1,1
argsarray@0.0.1,0,1
argv@0.0.2,0,1
arr-diff@1.1.0,2,1
arr-diff@4.0.0,0,2
arr-flatten@1.1.0,0,2
arr-union@2.1.0,0,1
arr-union@3.1.0,0,2
array-differ@2.1.0,0,1
array-equal@1.0.0,0,1
array-filter@0.0.1,0,1
array-find-index@1.0.2,0,2
array-flatten@1.1.1,0,2
array-flatten@2.1.2,0,1
array-ify@1.0.0,0,1
array-includes@3.1.1,3,3
array-map@0.0.0,0,1
array-reduce@0.0.0,0,1
array-slice@0.2.3,0,1
array-union@1.0.2,1,5
array-union@2.1.0,0,1
array-uniq@1.0.3,0,1
array-unique@0.3.2,0,4
array.prototype.flat@1.2.3,2,1
arrify@1.0.1,0,3
art@0.10.3,0,1
asap@2.0.6,0,2
asn1.js@4.10.1,3,1
asn1@0.2.4,1,1
assert-plus@1.0.0,0,6
assert@1.5.0,2,1
assign-symbols@1.0.0,0,1
ast-types@0.9.6,0,1
astral-regex@1.0.0,0,2
async-each@1.0.3,0,1
async-limiter@1.0.1,0,2
async@0.9.2,0,1
async@2.6.3,1,3
async@1.5.2,0,1
asynckit@0.4.0,0,2
atob-lite@2.0.0,0,1
atob@2.1.2,0,1
aws-sign2@0.7.0,0,1
aws4@1.9.0,0,1
axios-retry@3.1.2,1,1
axios@0.19.0,2,2
axios@0.17.1,2,1
babel-code-frame@6.26.0,3,1
babel-eslint@10.0.3,6,1
babel-extract-comments@1.0.0,1,1
babel-jest@25.1.0,7,1
babel-loader@8.0.6,4,1
babel-plugin-dynamic-import-node@2.3.0,1,6
babel-plugin-istanbul@6.0.0,5,2
babel-plugin-jest-hoist@25.1.0,1,1
babel-plugin-module-resolver@3.2.0,5,2
babel-plugin-react-native-web@0.11.7,0,2
babel-plugin-syntax-object-rest-spread@6.13.0,0,1
babel-plugin-syntax-trailing-function-commas@7.0.0-beta.0,0,1
babel-plugin-transform-object-rest-spread@6.26.0,2,1
babel-polyfill@6.26.0,3,1
babel-preset-expo@7.1.0,7,1
babel-preset-expo@8.0.0,5,1
babel-preset-fbjs@3.3.0,27,3
babel-preset-jest@25.1.0,3,1
babel-runtime@6.26.0,2,9
babylon@6.18.0,0,1
backo2@1.0.2,0,1
balanced-match@1.0.0,0,1
base32.js@0.1.0,0,1
base64-js@1.2.0,0,1
base64-js@1.3.1,0,5
base64url@3.0.1,0,1
base@0.11.2,7,1
basic-auth@2.0.1,1,1
batch@0.6.1,0,1
bcrypt-pbkdf@1.0.2,1,1
before-after-hook@2.1.0,0,1
bfj@6.1.2,4,1
big-integer@1.6.48,0,1
big.js@5.2.2,0,1
binary-extensions@1.13.1,0,1
bindings@1.5.0,1,1
bl@1.2.2,2,1
bl@3.0.0,1,1
bluebird@3.5.5,0,1
bluebird@3.7.2,0,7
blueimp-md5@2.12.0,0,1
bmp-js@0.1.0,0,1
bn.js@4.11.8,0,8
body-parser@1.18.3,10,1
body-parser@1.19.0,10,1
bonjour@3.5.0,6,1
boolbase@1.0.0,0,3
boxen@4.1.0,8,2
bplist-creator@0.0.8,1,1
bplist-parser@0.2.0,1,1
brace-expansion@1.1.11,2,1
braces@2.3.2,10,2
braces@3.0.2,1,1
brorand@1.1.0,0,2
brotli-webpack-plugin@1.1.0,2,1
brotli@1.3.2,1,0
browser-process-hrtime@0.1.3,0,1
browser-resolve@1.11.3,1,1
browserify-aes@1.2.0,6,2
browserify-cipher@1.0.1,3,1
browserify-des@1.0.2,4,1
browserify-rsa@4.0.1,2,2
browserify-sign@4.0.4,7,1
browserify-zlib@0.2.0,1,1
browserslist@4.6.6,3,1
browserslist@4.8.3,3,10
browserslist@4.8.6,3,3
bser@2.1.1,1,1
btoa-lite@1.0.0,0,1
buffer-alloc-unsafe@1.1.0,0,1
buffer-alloc@1.2.0,2,2
buffer-crc32@0.2.13,0,1
buffer-equal@0.0.1,0,1
buffer-fill@1.0.0,0,1
buffer-from@1.1.1,0,4
buffer-indexof@1.1.1,0,1
buffer-xor@1.0.3,0,1
buffer@4.9.2,3,1
buffer@5.4.3,2,1
builtin-status-codes@3.0.0,0,1
builtins@1.0.3,0,1
bunyan-debug-stream@1.1.1,2,1
bunyan@1.8.12,0,2
byline@5.0.0,0,1
byte-size@5.0.1,0,1
bytes@3.0.0,0,3
bytes@3.1.0,0,2
cacache@11.3.3,14,4
cacache@12.0.3,15,3
cache-base@1.0.1,9,1
cacheable-request@6.1.0,7,1
call-me-maybe@1.0.1,0,1
caller-callsite@2.0.0,1,1
caller-path@2.0.0,1,1
callsite@1.0.0,0,1
callsites@2.0.0,0,1
callsites@3.1.0,0,4
camel-case@3.0.0,2,2
camelcase-keys@2.1.0,2,1
camelcase-keys@4.2.0,3,2
camelcase@2.1.1,0,1
camelcase@4.1.0,0,4
camelcase@5.3.1,0,10
caniuse-api@3.0.0,4,2
caniuse-lite@1.0.30001019,0,3
caniuse-lite@1.0.30001025,0,1
capture-exit@2.0.0,1,1
capture-stack-trace@1.0.1,0,1
caseless@0.12.0,0,1
chalk@2.4.1,3,2
chalk@2.4.2,3,37
chalk@1.1.3,5,2
chalk@3.0.0,2,22
chardet@0.4.2,0,1
chardet@0.7.0,0,1
charenc@0.0.2,0,1
check-types@8.0.3,0,1
child-process-promise@2.2.1,3,1
chokidar@2.1.8,11,3
chownr@1.1.3,0,7
chrome-trace-event@1.0.2,1,1
ci-info@2.0.0,0,2
cipher-base@1.0.4,2,4
class-utils@0.3.6,4,1
clean-css@4.2.1,1,1
clean-stack@2.2.0,0,1
clean-webpack-plugin@3.0.0,2,1
cli-boxes@2.2.0,0,1
cli-cursor@2.1.0,1,5
cli-cursor@3.1.0,1,2
cli-spinners@2.2.0,0,1
cli-table@0.3.1,1,1
cli-width@2.2.0,0,6
cliui@3.2.0,3,1
cliui@4.1.0,3,2
cliui@5.0.0,3,2
cliui@6.0.0,3,1
clone-deep@4.0.1,3,1
clone-response@1.0.2,1,1
clone@1.0.4,0,1
co@4.6.0,0,2
coa@2.0.2,3,1
code-point-at@1.1.0,0,1
codecov@3.6.5,5,0
collect-v8-coverage@1.0.0,0,3
collection-visit@1.0.0,2,1
color-convert@1.9.3,1,2
color-convert@2.0.1,1,1
color-name@1.1.3,0,1
color-name@1.1.4,0,2
color-string@1.5.3,2,1
color-support@1.1.3,0,1
color@3.1.2,2,2
colorette@1.1.0,0,1
colors@1.0.3,0,1
colors@1.4.0,0,2
columnify@1.5.4,2,2
combined-stream@1.0.6,1,1
combined-stream@1.0.8,1,2
command-exists@1.2.8,0,1
commander@2.17.1,0,2
commander@2.20.3,0,5
commander@2.13.0,0,1
commander@2.19.0,0,1
commitlint@8.3.5,3,0
common-tags@1.8.0,0,1
commondir@1.0.1,0,1
compare-func@1.3.2,2,4
compare-versions@3.5.1,0,2
component-emitter@1.3.0,0,2
component-type@1.2.1,0,1
compressible@2.0.18,1,1
compression-webpack-plugin@2.0.0,6,1
compression@1.7.4,7,2
concat-map@0.0.1,0,1
concat-stream@1.6.2,4,3
concat-stream@2.0.0,4,1
config-chain@1.1.12,2,1
connect-history-api-fallback@1.6.0,0,1
connect@3.7.0,4,4
console-browserify@1.2.0,0,1
console-control-strings@1.1.0,0,2
constants-browserify@1.0.0,0,1
contains-path@0.1.0,0,1
content-disposition@0.5.2,0,1
content-disposition@0.5.3,1,1
content-type@1.0.4,0,4
conventional-changelog-angular@1.6.6,2,1
conventional-changelog-angular@5.0.6,2,1
conventional-changelog-conventionalcommits@4.2.1,3,1
conventional-changelog-core@3.2.3,13,1
conventional-changelog-preset-loader@2.3.0,0,1
conventional-changelog-writer@4.0.11,10,1
conventional-commits-filter@2.0.2,2,2
conventional-commits-parser@3.0.8,7,3
conventional-recommended-bump@5.0.1,8,1
convert-source-map@1.7.0,1,4
cookie-signature@1.0.6,0,2
cookie@0.3.1,0,2
cookie@0.4.0,0,1
copy-concurrently@1.0.5,6,1
copy-descriptor@0.1.1,0,1
copy-webpack-plugin@5.0.0,10,1
core-js-compat@3.6.2,2,1
core-js-compat@3.6.4,2,1
core-js@1.2.7,0,1
core-js@2.6.11,0,5
core-js@3.6.2,0,28
core-js@3.6.4,0,0
core-util-is@1.0.2,0,2
cosmiconfig@5.2.1,4,5
cosmiconfig@6.0.0,5,2
create-ecdh@4.0.3,2,1
create-error-class@3.0.2,1,1
create-hash@1.2.0,5,7
create-hmac@1.1.7,6,3
create-react-class@15.6.3,3,2
cross-spawn@6.0.5,5,6
cross-spawn@4.0.2,2,1
cross-spawn@5.1.0,3,3
cross-spawn@7.0.1,3,1
crypt@0.0.2,0,1
crypto-browserify@3.12.0,11,1
crypto-random-string@1.0.0,0,1
css-color-names@0.0.4,0,3
css-declaration-sorter@4.0.1,2,1
css-in-js-utils@2.0.1,2,1
css-loader@2.1.1,11,1
css-select-base-adapter@0.1.1,0,1
css-select@1.2.0,4,1
css-select@2.1.0,4,1
css-tree@1.0.0-alpha.37,2,2
css-unit-converter@1.1.1,0,1
css-what@2.1.3,0,1
css-what@3.2.1,0,1
cssesc@2.0.0,0,1
cssesc@3.0.0,0,1
cssnano-preset-default@4.0.7,30,1
cssnano-util-get-arguments@4.0.0,0,5
cssnano-util-get-match@4.0.0,0,4
cssnano-util-raw-cache@4.0.1,1,1
cssnano-util-same-parent@4.0.1,0,1
cssnano@4.1.10,4,1
csso@4.0.2,1,1
cssom@0.4.4,0,1
cssom@0.3.8,0,1
cssstyle@2.2.0,1,1
csstype@2.6.8,0,2
currently-unhandled@0.4.1,1,1
cyclist@1.0.1,0,1
dargs@4.1.0,1,2
dashdash@1.14.1,1,1
data-urls@1.1.0,3,1
dateformat@3.0.3,0,3
dayjs@1.8.19,0,1
debounce@1.2.0,0,2
debug@2.6.9,1,21
debug@3.1.0,1,2
debug@4.1.1,1,13
debug@3.2.6,1,4
debuglog@1.0.1,0,1
decache@4.4.0,1,1
decamelize-keys@1.1.0,2,2
decamelize@1.2.0,0,10
decamelize@2.0.0,1,1
decode-uri-component@0.2.0,0,2
decompress-response@3.3.0,1,1
decompress-response@4.2.1,1,1
dedent@0.7.0,0,10
deep-assign@3.0.0,1,1
deep-diff@1.0.2,0,1
deep-equal@1.1.1,6,1
deep-extend@0.6.0,0,1
deep-is@0.1.3,0,1
deep-scope-analyser@1.7.0,2,1
deepmerge@1.5.2,0,1
deepmerge@2.2.1,0,1
deepmerge@3.3.0,0,2
default-gateway@4.2.0,2,1
defaults@1.0.3,1,1
defer-to-connect@1.1.1,0,1
define-properties@1.1.3,1,11
define-property@0.2.5,1,5
define-property@1.0.0,1,3
define-property@2.0.2,2,3
del-cli@3.0.0,2,0
del@3.0.0,6,1
del@4.1.1,7,1
del@5.1.0,8,2
delay-async@1.2.0,0,2
delayed-stream@1.0.0,0,2
delegates@1.0.0,0,1
denodeify@1.2.1,0,1
depd@1.1.2,0,10
deprecated-decorator@0.1.6,0,1
deprecation@2.3.1,0,3
des.js@1.0.1,2,1
destroy@1.0.4,0,2
detect-indent@5.0.0,0,2
detect-indent@6.0.0,0,2
detect-libc@1.0.3,0,2
detect-newline@3.1.0,0,3
detect-node@2.0.4,0,1
detect-port-alt@1.1.6,2,1
detox@15.1.4,21,0
dezalgo@1.0.3,2,1
diff-sequences@25.1.0,0,1
diffie-hellman@5.0.3,3,1
dir-glob@2.0.0,2,1
dir-glob@2.2.2,1,2
dir-glob@3.0.1,1,1
dns-equal@1.0.0,0,1
dns-packet@1.3.1,2,1
dns-txt@2.0.2,1,1
doctrine@1.5.0,2,1
doctrine@2.1.0,1,1
doctrine@3.0.0,1,1
dom-converter@0.2.0,1,1
dom-serializer@0.2.2,2,2
dom-walk@0.1.1,0,1
domain-browser@1.2.0,0,1
domelementtype@1.3.1,0,4
domelementtype@2.0.1,0,1
domexception@1.0.1,1,2
domhandler@2.4.2,1,1
domutils@1.5.1,2,1
domutils@1.7.0,2,2
dot-prop@3.0.0,1,1
dot-prop@4.2.0,1,2
dtrace-provider@0.8.8,1,0
duplexer3@0.1.4,0,2
duplexer@0.1.1,0,2
duplexify@3.7.1,4,2
ecc-jsbn@0.1.2,2,1
ee-first@1.1.1,0,1
ejs@2.7.4,0,1
ejs@3.0.1,0,1
electron-to-chromium@1.3.329,0,2
electron-to-chromium@1.3.345,0,1
elliptic@6.5.2,7,2
emitter-component@1.1.1,0,1
emoji-regex@7.0.3,0,1
emoji-regex@8.0.0,0,1
emojis-list@2.1.0,0,1
encodeurl@1.0.2,0,8
encoding@0.1.12,1,2
end-of-stream@1.4.4,1,8
enhanced-resolve@4.1.1,3,1
enquirer@2.3.2,1,1
entities@1.1.2,0,1
entities@2.0.0,0,1
env-paths@2.2.0,0,1
envinfo@5.10.0,0,1
envinfo@7.5.0,0,2
err-code@1.1.2,0,1
errno@0.1.7,1,3
error-ex@1.3.2,1,3
errorhandler@1.5.1,2,1
es-abstract@1.17.0,11,7
es-to-primitive@1.2.1,3,1
es6-error@3.2.0,0,1
es6-error@4.1.1,0,2
es6-promise@4.2.8,0,1
es6-promisify@5.0.0,1,2
es6-templates@0.2.3,2,1
escape-html@1.0.3,0,10
escape-string-regexp@1.0.5,0,9
escape-string-regexp@2.0.0,0,0
escodegen@1.14.1,4,1
eslint-config-prettier@6.9.0,1,1
eslint-config-satya164@3.1.5,13,0
eslint-import-resolver-node@0.3.2,2,1
eslint-module-utils@2.5.0,2,1
eslint-plugin-babel@5.3.0,1,1
eslint-plugin-eslint-comments@3.1.2,2,1
eslint-plugin-eslint-plugin@2.2.0,0,1
eslint-plugin-flowtype@4.5.3,1,1
eslint-plugin-import@2.19.1,12,1
eslint-plugin-jest@23.3.0,1,1
eslint-plugin-prettier@3.1.2,1,1
eslint-plugin-react-hooks@2.3.0,0,1
eslint-plugin-react-native-globals@0.1.2,0,1
eslint-plugin-react-native@3.8.1,1,1
eslint-plugin-react@7.17.0,10,1
eslint-rule-composer@0.3.0,0,1
eslint-scope@4.0.3,2,1
eslint-scope@5.0.0,2,2
eslint-utils@1.4.3,1,2
eslint-visitor-keys@1.1.0,0,6
eslint@6.8.0,37,0
espree@6.1.2,3,1
esprima@4.0.1,0,2
esprima@3.1.3,0,1
esquery@1.0.1,1,1
esrecurse@4.2.1,1,3
estraverse@4.3.0,0,6
esutils@2.0.3,0,12
etag@1.8.1,0,4
event-target-shim@5.0.1,0,2
eventemitter3@2.0.3,0,1
eventemitter3@3.1.2,0,2
eventemitter3@4.0.0,0,1
events@3.1.0,0,1
eventsource@1.0.7,1,1
evp_bytestokey@1.0.3,2,3
exception-formatter@1.0.7,1,1
exec-async@2.2.0,0,1
exec-sh@0.3.4,0,2
execa@0.10.0,7,1
execa@0.6.3,7,1
execa@0.7.0,7,1
execa@1.0.0,7,8
execa@3.4.0,10,1
exeunt@1.1.0,0,1
exif-parser@0.1.12,0,1
exit@0.1.2,0,5
expand-brackets@2.1.4,7,1
expand-template@2.0.3,0,1
expect@25.1.0,6,2
expo-app-loader-provider@8.0.0,0,2
expo-asset@8.0.0,3,2
expo-blur@8.0.0,1,0
expo-cli@3.11.9,53,0
expo-constants@8.0.0,1,2
expo-error-recovery@1.0.0,0,1
expo-file-system@8.0.0,1,2
expo-font@8.0.0,1,1
expo-keep-awake@8.0.0,0,1
expo-linear-gradient@8.0.0,0,1
expo-location@8.0.0,1,1
expo-optimize@0.0.8,0,1
expo-permissions@8.0.0,0,2
expo-sqlite@8.0.0,3,1
expo-web-browser@8.0.0,0,1
expo@36.0.2,44,0
express@4.16.4,30,2
express@4.17.1,30,2
extend-shallow@1.1.4,1,1
extend-shallow@2.0.1,1,6
extend-shallow@3.0.2,2,5
extend@3.0.2,0,1
external-editor@2.2.0,3,2
external-editor@3.1.0,3,4
extglob@2.0.4,8,1
extsprintf@1.3.0,0,1
extsprintf@1.4.0,0,1
fancy-log@1.3.3,4,1
fast-deep-equal@1.1.0,0,1
fast-deep-equal@2.0.1,0,1
fast-diff@1.2.0,0,1
fast-glob@2.2.7,6,2
fast-glob@3.1.1,5,1
fast-json-stable-stringify@2.1.0,0,4
fast-levenshtein@2.0.6,0,1
fastparse@1.1.2,0,1
fastq@1.6.0,1,1
faye-websocket@0.10.0,1,1
faye-websocket@0.11.3,1,1
fb-watchman@2.0.1,1,3
fbemitter@2.1.1,1,1
fbjs-css-vars@1.0.2,0,1
fbjs-scripts@1.2.0,10,1
fbjs@0.8.17,7,2
fbjs@1.0.0,8,3
figgy-pudding@3.5.1,0,22
figures@2.0.0,1,4
figures@3.1.0,1,2
file-entry-cache@5.0.1,1,1
file-loader@4.2.0,2,1
file-type@9.0.0,0,1
file-uri-to-path@1.0.0,0,1
filesize@3.6.1,0,2
fill-range@4.0.0,4,1
fill-range@7.0.1,1,1
finalhandler@1.1.1,7,1
finalhandler@1.1.2,7,2
find-babel-config@1.2.0,2,1
find-cache-dir@2.1.0,3,5
find-up@3.0.0,1,6
find-up@1.1.2,2,1
find-up@2.1.0,1,4
find-up@4.1.0,2,5
find-versions@3.2.0,1,1
find-yarn-workspace-root@1.2.1,2,2
flat-cache@2.0.1,3,1
flatted@2.0.1,0,1
flush-write-stream@1.1.1,2,1
fn-name@2.0.1,0,1
follow-redirects@1.5.10,1,1
follow-redirects@1.9.0,1,2
fontfaceobserver@2.1.0,0,1
for-in@1.0.2,0,1
forever-agent@0.6.1,0,1
fork-ts-checker-webpack-plugin@1.5.0,8,1
form-data@2.3.2,3,1
form-data@2.3.3,3,1
forwarded@0.1.2,0,1
fragment-cache@0.2.1,1,3
freeport-async@2.0.0,0,2
fresh@0.5.2,0,4
from2@2.3.0,2,1
fs-constants@1.0.0,0,2
fs-extra@6.0.1,3,2
fs-extra@1.0.0,3,1
fs-extra@4.0.3,3,3
fs-extra@7.0.1,3,3
fs-extra@8.1.0,3,18
fs-minipass@1.2.7,1,2
fs-write-stream-atomic@1.0.10,4,2
fs.realpath@1.0.0,0,2
fsevents@1.2.11,2,0
fsevents@2.1.2,0,0
function-bind@1.1.1,0,8
functional-red-black-tree@1.0.1,0,2
funpermaproxy@1.0.1,0,1
gauge@2.7.4,8,1
genfun@5.0.0,0,1
gensync@1.0.0-beta.1,0,1
get-caller-file@1.0.3,0,3
get-caller-file@2.0.5,0,3
get-own-enumerable-property-symbols@3.0.2,0,1
get-pkg-repo@1.4.0,5,1
get-port@2.1.0,1,1
get-port@4.2.0,0,1
get-stdin@7.0.0,0,1
get-stdin@4.0.1,0,1
get-stdin@6.0.0,0,1
get-stream@3.0.0,0,4
get-stream@4.1.0,1,7
get-stream@5.1.0,1,2
get-value@2.0.6,0,4
getenv@0.7.0,0,3
getpass@0.1.7,1,1
gh-got@8.1.0,1,1
git-raw-commits@2.0.0,5,2
git-raw-commits@2.0.3,5,1
git-remote-origin-url@2.0.0,2,1
git-semver-tags@2.0.3,2,2
git-up@4.0.1,2,1
git-url-parse@11.1.2,1,1
gitconfiglocal@1.0.0,1,1
github-from-package@0.0.0,0,1
github-username@5.0.1,1,1
glob-parent@3.1.0,2,2
glob-parent@5.1.0,1,3
glob-promise@3.4.0,1,1
glob-to-regexp@0.3.0,0,1
glob@7.1.2,6,1
glob@6.0.4,5,1
glob@7.1.6,6,24
global-dirs@0.1.1,1,1
global-modules@2.0.0,1,1
global-prefix@3.0.0,3,1
global@4.4.0,2,1
global@4.3.2,2,1
globals@11.12.0,0,4
globals@12.3.0,1,1
globby@6.1.0,5,3
globby@8.0.2,7,1
globby@10.0.2,8,1
globby@7.1.1,6,1
globby@9.2.0,8,2
got@6.7.1,11,1
got@9.6.0,11,4
graceful-fs@4.2.3,0,40
graphql-tools@3.0.0,5,1
graphql@0.13.2,1,1
growly@1.3.0,0,2
gzip-size@5.1.1,2,2
hammerjs@2.0.17-snapshot,1,1
handle-thing@2.0.0,0,1
handlebars@4.6.0,3,1
har-schema@2.0.0,0,1
har-validator@5.1.3,2,1
has-ansi@2.0.0,1,1
has-flag@3.0.0,0,2
has-flag@4.0.0,0,2
has-symbols@1.0.1,0,3
has-unicode@2.0.1,0,2
has-value@0.3.1,3,1
has-value@1.0.0,3,1
has-values@0.1.4,0,1
has-values@1.0.0,2,1
has@1.0.3,1,13
hasbin@1.2.3,1,1
hash-base@3.0.4,2,2
hash.js@1.1.7,2,2
hashids@1.1.4,0,1
he@1.2.0,0,1
hermes-engine@0.2.1,0,1
hex-color-regex@1.1.0,0,2
hmac-drbg@1.0.1,3,1
hoek@4.2.1,0,2
hoek@6.1.3,0,2
hoist-non-react-statics@2.5.5,0,2
hoist-non-react-statics@3.3.1,1,1
hoopy@0.1.4,0,1
hosted-git-info@2.8.5,0,4
hosted-git-info@3.0.2,1,1
hpack.js@2.1.6,4,1
hsl-regex@1.0.0,0,2
hsla-regex@1.0.0,0,2
html-comment-regex@1.1.2,0,1
html-encoding-sniffer@1.0.2,1,1
html-entities@1.2.1,0,1
html-escaper@2.0.0,0,1
html-loader@0.5.5,5,1
html-minifier@3.5.21,7,2
html-webpack-plugin@4.0.0-alpha.2,7,1
htmlparser2@3.10.1,6,1
http-cache-semantics@3.8.1,0,2
http-cache-semantics@4.0.3,0,1
http-deceiver@1.2.7,0,1
http-errors@1.6.3,4,4
http-errors@1.7.2,5,2
http-errors@1.7.3,5,1
http-parser-js@0.4.10,0,1
http-proxy-agent@2.1.0,2,2
http-proxy-agent@4.0.1,3,1
http-proxy-middleware@0.19.1,4,1
http-proxy@1.18.0,3,1
http-signature@1.2.0,3,1
https-browserify@1.0.0,0,1
https-proxy-agent@2.2.4,2,2
https-proxy-agent@4.0.0,2,1
human-signals@1.1.1,0,1
humanize-ms@1.2.1,1,1
husky@4.2.1,10,0
hyphenate-style-name@1.0.3,0,2
iconv-lite@0.4.23,1,2
iconv-lite@0.4.24,1,6
icss-replace-symbols@1.1.0,0,1
icss-utils@4.1.1,1,1
idx@2.4.0,0,1
ieee754@1.1.13,0,2
iferr@0.1.5,0,2
ignore-walk@3.0.3,1,2
ignore@3.3.10,0,2
ignore@4.0.6,0,2
ignore@5.1.4,0,2
iltorb@2.4.4,5,0
image-size@0.6.3,0,1
immediate@3.2.3,0,1
immer@1.10.0,0,1
import-fresh@2.0.0,2,1
import-fresh@3.2.1,2,3
import-local@2.0.0,2,2
import-local@3.0.2,2,2
imurmurhash@0.1.4,0,6
indent-string@3.2.0,0,2
indent-string@4.0.0,0,2
indent-string@2.1.0,1,1
indexes-of@1.0.1,0,3
infer-owner@1.0.4,0,2
inflection@1.12.0,0,1
inflight@1.0.6,2,3
inherits@2.0.4,0,37
inherits@2.0.1,0,1
inherits@2.0.3,0,3
ini@1.3.5,0,6
init-package-json@1.10.3,8,1
inline-style-prefixer@5.1.0,1,1
inquirer@5.2.0,13,2
inquirer@6.5.0,13,1
inquirer@3.3.0,14,1
inquirer@6.5.2,13,1
inquirer@7.0.3,13,1
inquirer@7.0.4,13,1
internal-ip@4.3.0,2,2
invariant@2.2.4,1,15
invert-kv@1.0.0,0,1
invert-kv@2.0.0,0,1
ip-regex@2.1.0,0,2
ip@1.1.5,0,3
ipaddr.js@1.9.0,0,1
ipaddr.js@1.9.1,0,1
is-absolute-url@2.1.0,0,1
is-accessor-descriptor@0.1.6,1,1
is-accessor-descriptor@1.0.0,1,1
is-arguments@1.0.4,0,1
is-arrayish@0.2.1,0,1
is-arrayish@0.3.2,0,1
is-binary-path@1.0.1,1,1
is-buffer@1.1.6,0,4
is-buffer@2.0.4,0,1
is-callable@1.1.5,0,2
is-ci@2.0.0,1,4
is-color-stop@1.1.0,6,1
is-color@1.0.2,6,1
is-data-descriptor@0.1.4,1,1
is-data-descriptor@1.0.0,1,1
is-date-object@1.0.2,0,2
is-descriptor@0.1.6,3,1
is-descriptor@1.0.2,3,2
is-directory@0.3.1,0,1
is-extendable@0.1.1,0,3
is-extendable@1.0.1,1,2
is-extglob@2.1.1,0,2
is-finite@1.0.2,1,1
is-fullwidth-code-point@1.0.0,1,1
is-fullwidth-code-point@2.0.0,0,3
is-fullwidth-code-point@3.0.0,0,1
is-function@1.0.1,0,1
is-generator-fn@2.1.0,0,1
is-git-dirty@1.0.0,2,1
is-git-repository@1.1.1,2,1
is-glob@3.1.0,1,1
is-glob@4.0.1,1,8
is-number@3.0.0,1,3
is-number@7.0.0,0,1
is-obj@1.0.1,0,4
is-path-cwd@1.0.0,0,1
is-path-cwd@2.2.0,0,2
is-path-in-cwd@1.0.1,1,1
is-path-in-cwd@2.1.0,1,1
is-path-inside@1.0.1,1,1
is-path-inside@2.1.0,1,1
is-path-inside@3.0.2,0,1
is-plain-obj@1.1.0,0,2
is-plain-object@2.0.4,1,3
is-plain-object@3.0.0,1,2
is-promise@2.1.0,0,1
is-redirect@1.0.0,0,1
is-regex@1.0.5,1,2
is-regexp@1.0.0,0,1
is-resolvable@1.1.0,0,1
is-retry-allowed@1.2.0,0,2
is-root@2.1.0,0,1
is-ssh@1.3.1,1,3
is-stream@1.1.0,0,7
is-stream@2.0.0,0,1
is-string@1.0.5,0,1
is-svg@3.0.0,1,1
is-symbol@1.0.3,1,1
is-text-path@1.0.1,1,1
is-typedarray@1.0.0,0,3
is-utf8@0.2.1,0,1
is-windows@1.0.2,0,2
is-wsl@1.1.0,0,5
is-wsl@2.1.1,0,2
isarray@1.0.0,0,4
isemail@3.2.0,1,2
isexe@2.0.0,0,2
isobject@2.1.0,1,1
isobject@3.0.1,0,12
isobject@4.0.0,0,1
isomorphic-fetch@2.2.1,2,2
isstream@0.1.2,0,1
istanbul-lib-coverage@3.0.0,0,4
istanbul-lib-instrument@4.0.1,7,2
istanbul-lib-report@3.0.0,3,2
istanbul-lib-source-maps@4.0.0,3,1
istanbul-reports@3.0.0,2,1
iterall@1.2.2,0,1
iterall@1.3.0,0,3
jest-changed-files@25.1.0,3,1
jest-cli@25.1.0,13,1
jest-config@25.1.0,17,4
jest-diff@25.1.0,4,3
jest-docblock@25.1.0,1,1
jest-each@25.1.0,5,1
jest-environment-jsdom@25.1.0,6,1
jest-environment-node@25.1.0,5,1
jest-get-type@24.9.0,0,1
jest-get-type@25.1.0,0,8
jest-haste-map@24.9.0,11,2
jest-haste-map@25.1.0,10,6
jest-jasmine2@25.1.0,17,2
jest-leak-detector@25.1.0,2,1
jest-matcher-utils@25.1.0,4,3
jest-message-util@24.9.0,8,1
jest-message-util@25.1.0,8,7
jest-mock@24.9.0,1,1
jest-mock@25.1.0,1,5
jest-pnp-resolver@1.2.1,0,1
jest-regex-util@25.1.0,0,6
jest-resolve-dependencies@25.1.0,3,1
jest-resolve@25.1.0,5,6
jest-runner@25.1.0,19,2
jest-runtime@25.1.0,25,5
jest-serializer@24.9.0,0,2
jest-serializer@25.1.0,0,1
jest-snapshot@25.1.0,13,4
jest-util@24.9.0,12,1
jest-util@25.1.0,4,15
jest-validate@24.9.0,6,1
jest-validate@25.1.0,6,4
jest-watcher@25.1.0,6,1
jest-worker@24.9.0,2,2
jest-worker@25.1.0,2,3
jest@25.1.0,3,0
jetifier@1.6.5,0,1
jimp@0.9.3,6,1
joi@14.0.4,3,1
joi@11.4.0,3,1
join-component@1.1.0,0,1
jpeg-js@0.3.6,0,1
js-levenshtein@1.1.6,0,1
js-tokens@4.0.0,0,3
js-tokens@3.0.2,0,1
js-yaml@3.13.1,2,6
jsbn@0.1.1,0,2
jsc-android@245459.0.0,0,1
jsdom@15.2.1,26,1
jsesc@2.5.2,0,2
jsesc@0.5.0,0,1
json-buffer@3.0.0,0,1
json-parse-better-errors@1.0.2,0,5
json-schema-traverse@0.3.1,0,2
json-schema-traverse@0.4.1,0,1
json-schema@0.2.3,0,1
json-stable-stringify-without-jsonify@1.0.1,0,1
json-stable-stringify@1.0.1,1,2
json-stringify-safe@5.0.1,0,2
json3@3.3.3,0,1
json5@0.5.1,0,1
json5@1.0.1,1,2
json5@2.1.1,1,3
jsonfile@2.4.0,0,1
jsonfile@4.0.0,0,4
jsonify@0.0.0,0,2
jsonparse@1.3.1,0,1
jsprim@1.4.1,4,1
jsx-ast-utils@2.2.3,2,1
keyv@3.1.0,1,1
killable@1.0.1,0,1
kind-of@1.1.0,0,1
kind-of@3.2.2,1,6
kind-of@4.0.0,1,1
kind-of@5.1.0,0,1
kind-of@6.0.2,0,8
klaw-sync@6.0.0,1,1
klaw@1.3.1,0,1
kleur@3.0.3,0,1
last-call-webpack-plugin@3.0.0,2,1
latest-version@5.1.0,1,1
lcid@1.0.0,1,1
lcid@2.0.0,1,1
lerna@3.20.2,18,0
leven@3.1.0,0,3
levenary@1.1.1,1,2
levn@0.3.0,2,2
lines-and-columns@1.1.6,0,1
load-bmfont@1.4.0,8,2
load-json-file@1.1.0,5,1
load-json-file@2.0.0,4,1
load-json-file@4.0.0,4,1
load-json-file@5.3.0,5,3
loader-runner@2.4.0,0,1
loader-utils@1.2.3,3,12
locate-path@2.0.0,2,1
locate-path@3.0.0,2,1
locate-path@5.0.0,1,1
lock@0.1.4,0,1
lodash._reinterpolate@3.0.0,0,2
lodash.assign@4.2.0,0,1
lodash.clonedeep@4.5.0,0,1
lodash.get@4.4.2,0,1
lodash.ismatch@4.4.0,0,1
lodash.isobject@3.0.2,0,1
lodash.isstring@4.0.1,0,2
lodash.memoize@4.1.2,0,1
lodash.set@4.3.2,0,1
lodash.sortby@4.7.0,0,1
lodash.template@4.5.0,2,4
lodash.templatesettings@4.2.0,1,1
lodash.throttle@4.1.1,0,2
lodash.unescape@4.0.1,0,1
lodash.uniq@4.5.0,0,2
lodash@4.17.15,0,62
log-symbols@2.2.0,1,1
logfmt@1.3.2,2,1
logkitty@0.6.1,3,1
loglevel@1.6.6,0,1
lolex@5.1.2,1,1
loose-envify@1.4.0,1,9
loud-rejection@1.6.0,2,3
lower-case@1.1.4,0,1
lowercase-keys@1.0.1,0,3
lowercase-keys@2.0.0,0,1
lru-cache@4.1.5,2,2
lru-cache@5.1.1,1,9
macos-release@2.3.0,0,1
make-dir@1.3.0,1,2
make-dir@2.1.0,2,3
make-dir@3.0.0,1,1
make-fetch-happen@4.0.2,11,2
make-fetch-happen@5.0.2,11,2
makeerror@1.0.11,1,1
mamacro@0.0.3,0,1
map-age-cleaner@0.1.3,1,1
map-cache@0.2.2,0,2
map-obj@1.0.1,0,3
map-obj@2.0.0,0,1
map-visit@1.0.0,1,1
match-require@2.1.0,1,1
md5-file@3.2.3,1,1
md5.js@1.3.5,3,2
md5@2.2.1,3,2
md5hex@1.0.0,0,1
mdn-data@2.0.4,0,1
media-typer@0.3.0,0,1
mem@1.1.0,1,1
mem@4.3.0,3,1
memory-fs@0.4.1,2,2
memory-fs@0.5.0,2,1
meow@5.0.0,9,5
meow@3.7.0,10,1
meow@4.0.1,9,3
merge-descriptors@1.0.1,0,2
merge-stream@1.0.1,1,1
merge-stream@2.0.0,0,3
merge2@1.3.0,0,3
methods@1.1.2,0,2
metro-babel-register@0.56.4,12,2
metro-babel-transformer@0.56.4,2,2
metro-babel7-plugin-react-transform@0.54.1,1,1
metro-cache@0.56.4,4,2
metro-config@0.56.4,6,2
metro-core@0.56.4,4,4
metro-inspector-proxy@0.56.4,5,1
metro-minify-uglify@0.56.4,1,1
metro-react-native-babel-preset@0.54.1,36,1
metro-react-native-babel-preset@0.56.4,35,3
metro-react-native-babel-transformer@0.56.4,5,2
metro-resolver@0.56.4,1,2
metro-source-map@0.56.4,7,5
metro-symbolicate@0.56.4,5,2
metro@0.56.4,53,2
microevent.ts@0.1.1,0,1
micromatch@3.1.10,13,10
micromatch@4.0.2,2,6
miller-rabin@4.0.1,2,1
mime-db@1.43.0,0,2
mime-db@1.23.0,0,1
mime-types@2.1.11,1,1
mime-types@2.1.26,1,6
mime@1.4.1,0,1
mime@1.6.0,0,2
mime@2.4.4,0,4
mimic-fn@1.2.0,0,2
mimic-fn@2.1.0,0,2
mimic-response@1.0.1,0,3
mimic-response@2.0.0,0,1
min-document@2.19.0,1,2
mini-css-extract-plugin@0.5.0,3,1
minimalistic-assert@1.0.1,0,6
minimalistic-crypto-utils@1.0.1,0,2
minimatch@3.0.4,1,16
minimist-options@3.0.2,2,2
minimist@0.0.8,0,1
minimist@1.2.0,0,11
minimist@0.0.10,0,1
minipass@2.3.5,2,1
minipass@2.9.0,2,6
minizlib@1.3.3,1,2
mississippi@3.0.0,10,6
mixin-deep@1.3.2,2,1
mkdirp-promise@5.0.1,1,1
mkdirp@0.5.1,1,30
modify-values@1.0.1,0,1
moment@2.24.0,0,0
morgan@1.9.1,5,1
move-concurrently@1.0.1,6,2
ms@2.0.0,0,3
ms@2.1.1,0,1
ms@2.1.2,0,4
multicast-dns-service-types@1.1.0,0,1
multicast-dns@6.2.3,2,1
multimatch@3.0.0,4,2
mute-stream@0.0.7,0,4
mute-stream@0.0.8,0,3
mv@2.1.1,3,1
mz@2.7.0,3,2
nan@2.14.0,0,3
nanoid@2.1.9,0,1
nanomatch@1.2.13,11,1
napi-build-utils@1.0.1,0,1
natural-compare@1.4.0,0,2
ncp@2.0.0,0,2
negotiator@0.6.2,0,1
neo-async@2.6.1,0,4
next-tick@1.0.0,0,2
nice-try@1.0.5,0,1
no-case@2.3.2,1,2
node-abi@2.13.0,1,1
node-fetch-npm@2.0.2,3,2
node-fetch@1.7.3,2,1
node-fetch@2.6.0,0,6
node-forge@0.7.6,0,1
node-forge@0.9.0,0,1
node-forge@0.9.1,0,1
node-gyp@5.0.7,11,1
node-int64@0.4.0,0,1
node-libs-browser@2.2.1,23,1
node-modules-regexp@1.0.0,0,1
node-notifier@5.4.3,5,1
node-notifier@6.0.0,5,0
node-releases@1.1.45,1,2
node-releases@1.1.48,1,1
node-version@1.2.0,0,1
noop-fn@1.0.0,0,1
noop-logger@0.1.1,0,1
nopt@4.0.1,2,1
normalize-css-color@1.0.2,0,1
normalize-package-data@2.5.0,4,13
normalize-path@2.1.1,1,1
normalize-path@3.0.0,0,4
normalize-url@3.3.0,0,2
normalize-url@4.5.0,0,1
npm-bundled@1.1.1,1,1
npm-lifecycle@3.1.4,8,1
npm-normalize-package-bin@1.0.1,0,2
npm-package-arg@6.1.0,4,1
npm-package-arg@6.1.1,4,19
npm-package-arg@7.0.0,4,1
npm-packlist@1.4.7,2,3
npm-pick-manifest@2.2.3,3,1
npm-pick-manifest@3.0.2,3,1
npm-registry-fetch@3.9.1,6,1
npm-run-path@2.0.2,1,4
npm-run-path@4.0.1,1,1
npmlog@4.1.2,4,37
nth-check@1.0.2,1,2
nullthrows@1.1.1,0,3
number-is-nan@1.0.1,0,3
nwsapi@2.2.0,0,1
oauth-sign@0.9.0,0,1
ob1@0.56.4,0,1
object-assign@4.1.1,0,17
object-copy@0.1.0,3,1
object-inspect@1.7.0,0,1
object-is@1.0.2,0,1
object-keys@1.1.1,0,4
object-visit@1.0.1,1,2
object.assign@4.1.0,4,4
object.entries@1.1.1,4,2
object.fromentries@2.0.2,4,1
object.getownpropertydescriptors@2.1.0,2,2
object.pick@1.3.0,1,2
object.values@1.1.1,4,3
obuf@1.1.2,0,2
octokit-pagination-methods@1.1.0,0,1
omggif@1.0.10,0,1
on-finished@2.3.0,1,9
on-headers@1.0.2,0,2
once@1.4.0,1,13
onetime@2.0.1,1,1
onetime@5.1.0,1,2
open@6.3.0,1,1
open@6.4.0,1,2
opencollective-postinstall@2.0.2,0,1
opener@1.5.1,0,1
opn@5.5.0,1,1
optimist@0.6.1,2,1
optimize-css-assets-webpack-plugin@5.0.3,2,1
optionator@0.8.3,6,2
options@0.0.6,0,1
ora@3.4.0,6,2
original@1.0.2,1,1
os-browserify@0.3.0,0,1
os-homedir@1.0.2,0,1
os-locale@2.1.0,3,1
os-locale@3.1.0,3,2
os-name@3.1.0,2,1
os-tmpdir@1.0.2,0,3
osenv@0.1.5,2,6
p-cancelable@1.1.0,0,1
p-defer@1.0.0,0,1
p-each-series@2.1.0,0,1
p-finally@1.0.0,0,9
p-finally@2.0.1,0,1
p-is-promise@2.1.0,0,1
p-limit@1.3.0,1,1
p-limit@2.2.2,1,3
p-locate@2.0.0,1,1
p-locate@3.0.0,1,1
p-locate@4.1.0,1,1
p-map-series@1.0.0,1,4
p-map@3.0.0,1,2
p-map@1.2.0,0,1
p-map@2.1.0,0,13
p-pipe@1.2.0,0,2
p-queue@4.0.0,1,1
p-reduce@1.0.0,0,4
p-retry@4.1.0,2,1
p-timeout@3.1.0,1,1
p-try@1.0.0,0,1
p-try@2.2.0,0,2
p-waterfall@1.0.0,1,3
package-json@6.4.0,4,1
package-json@6.5.0,4,1
pacote@9.3.0,27,2
pako@1.0.10,0,2
parallel-transform@1.2.0,3,1
param-case@2.1.1,1,1
parent-module@1.0.1,1,1
parse-asn1@5.1.5,6,2
parse-bmfont-ascii@1.0.6,0,1
parse-bmfont-binary@1.0.6,0,1
parse-bmfont-xml@1.1.4,2,1
parse-github-repo-url@1.4.1,0,1
parse-headers@2.0.3,0,1
parse-json@2.2.0,1,2
parse-json@4.0.0,2,3
parse-json@5.0.0,4,2
parse-node-version@1.0.1,0,1
parse-path@4.0.1,2,1
parse-url@5.0.1,4,1
parse5@5.1.0,0,1
parseurl@1.3.3,0,8
pascal-case@2.0.1,2,1
pascalcase@0.1.1,0,1
path-browserify@0.0.1,0,1
path-browserify@1.0.0,0,1
path-dirname@1.0.2,0,1
path-exists@2.1.0,1,1
path-exists@3.0.0,0,4
path-exists@4.0.0,0,1
path-is-absolute@1.0.1,0,5
path-is-inside@1.0.2,0,2
path-key@2.0.1,0,2
path-key@3.1.1,0,2
path-parse@1.0.6,0,1
path-to-regexp@0.1.7,0,2
path-type@1.1.0,3,1
path-type@2.0.0,1,1
path-type@3.0.0,1,3
path-type@4.0.0,0,2
pbkdf2@3.0.17,5,2
performance-now@2.1.0,0,1
phin@2.9.3,0,2
picomatch@2.2.1,0,2
pify@2.3.0,0,6
pify@3.0.0,0,8
pify@4.0.1,0,13
pinkie-promise@2.0.1,1,6
pinkie@2.0.4,0,1
pirates@4.0.1,1,2
pixelmatch@4.0.2,1,1
pkg-dir@2.0.0,1,1
pkg-dir@3.0.0,1,2
pkg-dir@4.2.0,1,2
pkg-up@2.0.0,1,2
please-upgrade-node@3.2.0,1,1
plist@2.1.0,3,1
plist@3.0.1,3,3
plugin-error@0.1.2,5,1
pn@1.1.0,0,1
pngjs@3.4.0,0,3
pnp-webpack-plugin@1.6.0,1,1
portfinder@1.0.25,3,1
posix-character-classes@0.1.1,0,1
postcss-calc@7.0.1,4,1
postcss-colormin@4.0.3,5,1
postcss-convert-values@4.0.1,2,1
postcss-discard-comments@4.0.2,1,1
postcss-discard-duplicates@4.0.2,1,1
postcss-discard-empty@4.0.1,1,1
postcss-discard-overridden@4.0.1,1,1
postcss-merge-longhand@4.0.11,4,1
postcss-merge-rules@4.0.3,6,1
postcss-minify-font-values@4.0.2,2,1
postcss-minify-gradients@4.0.2,4,1
postcss-minify-params@4.0.2,6,1
postcss-minify-selectors@4.0.2,4,1
postcss-modules-extract-imports@2.0.0,1,1
postcss-modules-local-by-default@2.0.6,3,1
postcss-modules-scope@2.1.1,2,1
postcss-modules-values@2.0.0,2,1
postcss-normalize-charset@4.0.1,1,1
postcss-normalize-display-values@4.0.2,3,1
postcss-normalize-positions@4.0.2,4,1
postcss-normalize-repeat-style@4.0.2,4,1
postcss-normalize-string@4.0.2,3,1
postcss-normalize-timing-functions@4.0.2,3,1
postcss-normalize-unicode@4.0.1,3,1
postcss-normalize-url@4.0.1,4,1
postcss-normalize-whitespace@4.0.2,2,1
postcss-ordered-values@4.1.2,3,1
postcss-reduce-initial@4.0.3,4,1
postcss-reduce-transforms@4.0.2,4,1
postcss-safe-parser@4.0.1,1,1
postcss-selector-parser@3.1.1,3,3
postcss-selector-parser@5.0.0,3,1
postcss-selector-parser@6.0.2,3,2
postcss-svgo@4.0.2,4,1
postcss-unique-selectors@4.0.1,3,1
postcss-value-parser@3.3.1,0,20
postcss@7.0.26,3,39
pouchdb-collections@1.0.1,0,1
prebuild-install@5.3.3,15,1
prelude-ls@1.1.2,0,3
prepend-http@1.0.4,0,1
prepend-http@2.0.0,0,1
prettier-linter-helpers@1.0.0,1,1
prettier@1.19.1,0,0
pretty-bytes@4.0.2,0,1
pretty-error@2.1.1,2,1
pretty-format@23.6.0,2,1
pretty-format@24.9.0,4,4
pretty-format@25.1.0,4,9
private@0.1.8,0,2
probe-image-size@4.0.0,6,1
probe-image-size@3.2.0,6,1
process-nextick-args@2.0.1,0,1
process@0.11.10,0,2
process@0.5.2,0,1
progress-bar-webpack-plugin@1.12.1,3,1
progress@2.0.0,0,1
progress@1.1.8,0,1
progress@2.0.3,0,1
promise-inflight@1.0.1,0,4
promise-polyfill@6.1.0,0,1
promise-retry@1.1.1,2,4
promise@7.3.1,1,3
prompts@2.3.0,2,1
promzard@0.3.0,1,1
prop-types@15.7.2,3,11
proper-lockfile@3.2.0,3,1
property-expr@1.5.1,0,1
proto-list@1.2.4,0,1
protocols@1.4.7,0,3
protoduck@5.0.1,1,2
proxy-addr@2.0.5,2,2
prr@1.0.1,0,1
pseudomap@1.0.2,0,1
psl@1.7.0,0,3
public-encrypt@4.0.3,6,1
pump@1.0.3,2,1
pump@2.0.1,2,1
pump@3.0.0,2,5
pumpify@1.5.1,3,1
punycode@1.3.2,0,1
punycode@2.1.1,0,5
punycode@1.4.1,0,2
q@1.5.1,0,6
qrcode-terminal@0.11.0,0,1
qs@6.5.2,0,3
qs@6.7.0,0,2
qs@6.9.1,0,1
query-string@6.10.1,3,0
querystring-es3@0.2.1,0,1
querystring@0.2.0,0,2
querystringify@2.1.1,0,1
quick-lru@1.1.0,0,1
randombytes@2.1.0,1,5
randomfill@1.0.4,2,1
range-parser@1.2.1,0,5
raven@2.6.3,5,1
raw-body@2.3.3,4,1
raw-body@2.4.0,4,1
rc@1.2.8,4,4
react-deep-force-update@1.1.2,0,1
react-dev-utils@9.0.3,25,1
react-devtools-core@3.6.3,2,1
react-dom@16.9.0,4,0
react-error-overlay@6.0.4,0,1
react-is@16.12.0,0,5
react-native-gesture-handler@1.5.6,5,0
react-native-iphone-x-helper@1.2.1,0,0
react-native-paper@3.6.0,3,0
react-native-reanimated@1.7.0,0,0
react-native-restart@0.0.13,0,0
react-native-safe-area-context@0.7.2,0,0
react-native-safe-area-view@0.14.8,1,1
react-native-screens@2.0.0-beta.2,1,0
react-native-tab-view@2.13.0,0,0
react-native-testing-library@1.12.0,1,0
react-native-unimodules@0.7.0,18,0
react-native-vector-icons@6.6.0,3,0
react-native-view-shot@3.0.2,0,1
react-native-web@0.11.7,10,0
react-native@0.61.5,29,0
react-proxy@1.1.8,2,1
react-refresh@0.4.2,0,2
react-test-renderer@16.12.0,4,0
react-timer-mixin@0.13.4,0,1
react-transform-hmr@1.0.4,2,1
react@16.9.0,3,0
read-chunk@3.2.0,2,1
read-cmd-shim@1.0.5,1,1
read-last-lines@1.6.0,1,1
read-package-json@2.1.1,4,3
read-package-tree@5.3.1,3,1
read-pkg-up@1.0.1,2,1
read-pkg-up@2.0.0,2,2
read-pkg-up@3.0.0,2,3
read-pkg@5.2.0,4,1
read-pkg@1.1.0,3,1
read-pkg@2.0.0,3,1
read-pkg@3.0.0,3,2
read@1.0.7,1,2
readable-stream@2.3.7,7,18
readable-stream@3.4.0,3,6
readdir-scoped-modules@1.1.0,4,1
readdirp@2.2.1,3,1
realpath-native@1.1.0,1,6
recast@0.11.23,4,1
recursive-readdir@2.2.2,1,1
redent@1.0.0,2,1
redent@2.0.0,2,2
regenerate-unicode-properties@8.1.0,1,1
regenerate@1.4.0,0,2
regenerator-runtime@0.10.5,0,1
regenerator-runtime@0.11.1,0,1
regenerator-runtime@0.13.3,0,4
regenerator-transform@0.14.1,1,2
regex-not@1.0.2,2,5
regexp.prototype.flags@1.3.0,2,1
regexpp@2.0.1,0,1
regexpp@3.0.0,0,1
regexpu-core@4.6.0,6,2
registry-auth-token@3.4.0,2,1
registry-auth-token@4.0.0,2,1
registry-url@5.1.0,1,2
regjsgen@0.5.1,0,1
regjsparser@0.6.2,1,1
relateurl@0.2.7,0,1
remove-trailing-separator@1.1.0,0,1
remove-trailing-slash@0.1.0,0,1
renderkid@2.0.3,5,1
repeat-element@1.1.3,0,1
repeat-string@1.6.1,0,2
repeating@2.0.1,1,1
replace-string@1.1.0,0,1
request-promise-core@1.1.1,1,1
request-promise-core@1.1.3,1,1
request-promise-native@1.0.5,3,1
request-promise-native@1.0.8,3,1
request@2.88.0,20,6
require-directory@2.1.1,0,6
require-main-filename@1.0.1,0,3
require-main-filename@2.0.0,0,3
requires-port@1.0.0,0,2
reselect@3.0.1,0,1
resolve-cwd@2.0.0,1,1
resolve-cwd@3.0.0,1,1
resolve-from@5.0.0,0,7
resolve-from@3.0.0,0,2
resolve-from@4.0.0,0,3
resolve-global@1.0.0,1,2
resolve-pkg@2.0.0,1,1
resolve-url@0.2.1,0,1
resolve@1.1.7,0,1
resolve@1.14.2,1,10
responselike@1.0.2,1,1
restore-cursor@2.0.0,2,1
restore-cursor@3.1.0,2,1
ret@0.1.15,0,1
retry@0.10.1,0,1
retry@0.12.0,0,2
reusify@1.0.4,0,1
rgb-regex@1.0.1,0,2
rgba-regex@1.0.0,0,2
rimraf@2.6.3,1,1
rimraf@2.7.1,1,13
rimraf@3.0.0,1,2
rimraf@2.2.8,0,1
rimraf@2.4.5,1,1
ripemd160@2.0.2,2,3
rsvp@4.8.5,0,1
run-async@2.3.0,1,6
run-parallel@1.1.9,0,1
run-queue@1.0.3,1,2
rx-lite-aggregates@4.0.8,1,1
rx-lite@4.0.8,0,2
rxjs@5.5.12,1,2
rxjs@6.5.4,1,4
safe-buffer@5.1.2,0,9
safe-buffer@5.2.0,0,30
safe-json-stringify@1.2.0,0,0
safe-regex@1.1.0,1,2
safer-buffer@2.1.2,0,5
sane@4.1.0,9,2
sanitize-filename@1.6.3,1,1
sax@1.2.4,0,3
saxes@3.1.11,1,1
scheduler@0.15.0,2,2
scheduler@0.18.0,2,1
schema-utils@0.4.7,2,1
schema-utils@1.0.0,3,8
schema-utils@2.6.1,2,1
select-hose@2.0.0,0,1
selfsigned@1.10.7,1,1
semver-compare@1.0.0,0,1
semver-regex@2.0.0,0,1
semver@5.7.1,0,25
semver@5.5.0,0,2
semver@6.1.1,0,1
semver@6.3.0,0,22
semver@7.0.0,0,2
semver@7.1.2,0,1
send@0.16.2,13,2
send@0.17.1,13,2
serialize-error@2.1.0,0,2
serialize-error@5.0.0,1,1
serialize-javascript@1.9.1,0,2
serialize-javascript@2.1.2,0,1
serve-index@1.9.1,7,1
serve-static@1.13.2,4,1
serve-static@1.14.1,4,3
set-blocking@2.0.0,0,7
set-value@2.0.1,4,2
setimmediate@1.0.5,0,3
setprototypeof@1.1.0,0,2
setprototypeof@1.1.1,0,3
sha.js@2.4.11,2,3
shallow-clone@3.0.1,1,1
shebang-command@1.2.0,1,2
shebang-command@2.0.0,1,1
shebang-regex@1.0.0,0,1
shebang-regex@3.0.0,0,1
shell-quote@1.6.1,4,2
shell-quote@1.7.2,0,1
shell-utils@1.0.10,1,1
shellwords@0.1.1,0,2
shortid@2.2.15,1,0
signal-exit@3.0.2,0,13
simple-concat@1.0.0,0,1
simple-get@3.1.0,3,1
simple-plist@1.1.0,3,1
simple-swizzle@0.2.2,1,1
sisteransi@1.0.4,0,1
slash@1.0.0,0,3
slash@2.0.0,0,8
slash@3.0.0,0,11
slice-ansi@2.1.0,3,2
slide@1.1.6,0,2
slugid@1.1.0,1,1
slugify@1.3.6,0,1
smart-buffer@4.1.0,0,1
snapdragon-node@2.1.1,3,1
snapdragon-util@3.0.1,1,1
snapdragon@0.8.2,8,5
sockjs-client@1.3.0,6,2
sockjs@0.3.19,2,1
socks-proxy-agent@4.0.2,2,2
socks@2.3.3,2,1
sort-keys@2.0.0,1,3
source-list-map@2.0.1,0,1
source-map-resolve@0.5.3,5,1
source-map-support@0.4.18,1,1
source-map-support@0.5.9,2,1
source-map-support@0.5.16,2,3
source-map-url@0.4.0,0,1
source-map@0.5.7,0,10
source-map@0.6.1,0,21
source-map@0.7.3,0,1
spdx-correct@3.1.0,2,1
spdx-exceptions@2.2.0,0,1
spdx-expression-parse@3.0.0,2,2
spdx-license-ids@3.0.5,0,2
spdy-transport@3.0.0,6,1
spdy@4.0.1,5,1
split-on-first@1.1.0,0,1
split-string@3.1.0,1,2
split2@2.2.0,1,3
split@0.2.10,1,1
split@1.0.1,1,4
sprintf-js@1.0.3,0,1
sshpk@1.16.1,9,1
ssri@6.0.1,1,8
stable@0.1.8,0,1
stack-trace@0.0.10,0,1
stack-utils@1.0.2,0,2
stacktrace-parser@0.1.8,1,1
static-extend@0.1.2,2,1
statuses@1.5.0,0,6
statuses@1.4.0,0,3
stealthy-require@1.1.1,0,2
stream-browserify@2.0.2,2,1
stream-buffers@2.2.0,0,1
stream-each@1.2.3,2,1
stream-events@1.0.5,1,1
stream-http@2.8.3,5,1
stream-parser@0.3.1,1,2
stream-shift@1.0.1,0,2
stream@0.0.2,1,1
strict-uri-encode@2.0.0,0,1
string-length@3.1.0,2,2
string-width@1.0.2,3,3
string-width@2.1.1,2,9
string-width@3.1.0,3,6
string-width@4.2.0,3,7
string.prototype.trimleft@2.1.1,2,1
string.prototype.trimright@2.1.1,2,1
string_decoder@1.3.0,1,2
string_decoder@1.1.1,1,1
stringify-object@3.3.0,3,1
strip-ansi@5.2.0,1,13
strip-ansi@3.0.1,1,8
strip-ansi@4.0.0,1,4
strip-ansi@6.0.0,1,4
strip-bom@2.0.0,1,1
strip-bom@3.0.0,0,3
strip-bom@4.0.0,0,1
strip-comments@1.0.2,2,1
strip-eof@1.0.0,0,4
strip-final-newline@2.0.0,0,1
strip-indent@1.0.1,1,1
strip-indent@2.0.0,0,1
strip-json-comments@3.0.1,0,1
strip-json-comments@2.0.1,0,1
strong-log-transformer@2.1.0,3,1
stubs@3.0.0,0,1
style-loader@0.23.1,2,1
stylehacks@4.0.3,3,1
subscriptions-transport-ws@0.9.8,8,1
sudo-prompt@9.1.1,0,1
supports-color@2.0.0,0,1
supports-color@5.5.0,1,2
supports-color@6.1.0,1,3
supports-color@7.1.0,1,4
supports-hyperlinks@2.1.0,2,1
svgo@1.3.2,13,1
symbol-observable@1.0.1,0,1
symbol-observable@1.2.0,0,1
symbol-tree@3.2.4,0,1
synchronous-promise@2.0.10,0,1
table@5.4.6,4,1
tail@2.0.3,0,1
tapable@1.1.3,0,5
tar-fs@1.16.3,4,1
tar-fs@2.0.0,4,1
tar-stream@1.6.2,7,1
tar-stream@2.1.0,5,1
tar@4.4.6,7,1
tar@4.4.13,7,5
targz@1.0.1,1,1
teeny-request@6.0.1,5,1
telnet-client@0.15.3,1,1
temp-dir@1.0.0,0,3
temp-write@3.4.0,6,2
temp@0.8.3,2,1
tempfile@2.0.0,2,1
tempy@0.3.0,3,2
term-size@2.1.1,0,1
terminal-link@2.1.1,2,1
terser-webpack-plugin@1.4.3,9,2
terser@4.6.2,3,1
test-exclude@6.0.0,3,1
text-extensions@1.9.0,0,1
text-table@0.2.0,0,2
thenify-all@1.6.0,1,1
thenify@3.3.0,1,1
throat@4.1.0,0,1
throat@5.0.0,0,3
through2@2.0.5,2,6
through2@3.0.1,1,4
through@2.3.8,0,12
thunky@1.1.0,0,1
time-stamp@1.1.0,0,1
timed-out@4.0.1,0,2
timers-browserify@2.0.11,1,1
timm@1.6.2,0,2
timsort@0.3.0,0,1
tiny-queue@0.2.1,0,1
tinycolor2@1.4.1,0,2
tmp@0.0.33,1,2
tmpl@1.0.4,0,1
to-arraybuffer@1.0.1,0,1
to-buffer@1.1.1,0,1
to-fast-properties@2.0.0,0,2
to-object-path@0.3.0,1,1
to-readable-stream@1.0.0,0,1
to-regex-range@2.1.1,2,1
to-regex-range@5.0.1,1,1
to-regex@3.0.2,4,5
toidentifier@1.0.0,0,2
topo@2.0.2,1,1
topo@3.0.3,1,1
toposort@2.0.2,0,1
tough-cookie@3.0.1,3,2
tough-cookie@2.5.0,2,1
tough-cookie@2.4.3,2,1
tr46@1.0.1,1,1
tree-kill@1.2.0,0,1
trim-newlines@1.0.0,0,1
trim-newlines@2.0.0,0,2
trim-off-newlines@1.0.1,0,1
truncate-utf8-bytes@1.0.2,1,1
tryer@1.0.1,0,1
ts-invariant@0.4.4,1,1
ts-pnp@1.1.5,0,1
tslib@1.10.0,0,7
tsutils@3.17.1,1,2
tty-browserify@0.0.0,0,1
tunnel-agent@0.6.0,1,2
tweetnacl@0.14.5,0,2
type-check@0.3.2,1,2
type-detect@4.0.8,0,1
type-fest@0.3.1,0,2
type-fest@0.5.2,0,1
type-fest@0.6.0,0,1
type-fest@0.7.1,0,1
type-fest@0.8.1,0,3
type-is@1.6.18,2,4
typedarray-to-buffer@3.1.5,1,1
typedarray@0.0.6,0,2
typescript@3.7.5,0,0
ua-parser-js@0.7.21,0,3
uglify-es@3.3.9,2,1
uglify-js@3.4.10,2,1
uglify-js@3.7.4,2,0
uid-number@0.0.6,0,1
ultron@1.0.2,0,1
ultron@1.1.1,0,1
umask@1.1.0,0,1
unicode-canonical-property-names-ecmascript@1.0.4,0,1
unicode-match-property-ecmascript@1.0.4,2,1
unicode-match-property-value-ecmascript@1.1.0,0,1
unicode-property-aliases-ecmascript@1.0.5,0,1
unimodules-barcode-scanner-interface@5.0.0,0,2
unimodules-camera-interface@5.0.0,0,2
unimodules-constants-interface@5.0.0,0,2
unimodules-face-detector-interface@5.0.0,0,2
unimodules-file-system-interface@5.0.0,0,2
unimodules-font-interface@5.0.0,0,2
unimodules-image-loader-interface@5.0.0,0,2
unimodules-permissions-interface@5.0.0,0,2
unimodules-sensors-interface@5.0.0,0,2
unimodules-task-manager-interface@5.0.0,0,2
union-value@1.0.1,4,1
uniq@1.0.1,0,3
uniqs@2.0.0,0,2
unique-filename@1.1.1,1,4
unique-slug@2.0.2,1,1
unique-string@1.0.0,1,1
universal-user-agent@4.0.0,1,3
universalify@0.1.2,0,4
unpipe@1.0.0,0,4
unquote@1.1.1,0,1
unset-value@1.0.0,2,1
untildify@3.0.3,0,1
unzip-response@2.0.1,0,1
upath@1.2.0,0,2
upper-case-first@1.1.2,1,1
upper-case@1.1.3,0,2
uri-js@4.2.2,1,1
urix@0.1.0,0,1
url-join@4.0.0,0,1
url-loader@1.1.2,3,1
url-parse-lax@1.0.0,1,1
url-parse-lax@3.0.0,1,1
url-parse@1.4.7,2,3
url@0.11.0,2,3
urlgrey@0.4.4,0,1
use-subscription@1.3.0,1,0
use@3.1.1,0,1
utf8-byte-length@1.0.4,0,1
utif@2.0.1,1,1
util-deprecate@1.0.2,0,2
util-promisify@2.1.0,1,1
util.promisify@1.0.0,2,5
util@0.10.3,1,1
util@0.11.1,1,1
utila@0.4.0,0,3
utils-merge@1.0.1,0,3
uuid-js@0.7.5,0,2
uuid@3.0.0,0,1
uuid@3.3.2,0,1
uuid@2.0.3,0,1
uuid@3.3.3,0,13
v8-compile-cache@2.1.0,0,1
v8-to-istanbul@4.1.2,3,1
validate-npm-package-license@3.0.4,2,3
validate-npm-package-name@3.0.0,1,6
validator@10.5.0,0,1
validator@11.0.0,0,1
vary@1.1.2,0,3
vendors@1.0.3,0,1
verror@1.10.0,3,1
vlq@1.0.1,0,2
vm-browserify@1.1.2,0,1
w3c-hr-time@1.0.1,1,1
w3c-xmlserializer@1.1.2,3,1
walker@1.0.7,1,3
watchpack@1.6.0,3,1
wbuf@1.7.3,1,2
wcwidth@1.0.1,1,3
webidl-conversions@4.0.2,0,4
webpack-bundle-analyzer@3.6.0,13,1
webpack-deep-scope-plugin@1.6.0,1,1
webpack-dev-middleware@3.7.2,5,1
webpack-dev-server@3.2.0,30,1
webpack-log@2.0.0,2,3
webpack-manifest-plugin@2.2.0,4,1
webpack-sources@1.4.3,2,6
webpack@4.39.0,23,2
websocket-driver@0.7.3,3,2
websocket-extensions@0.1.3,0,1
whatwg-encoding@1.0.5,1,2
whatwg-fetch@3.0.0,0,2
whatwg-mimetype@2.3.0,0,2
whatwg-url@7.1.0,3,4
which-module@2.0.0,0,6
which-pm-runs@1.0.0,0,3
which@1.3.1,1,11
which@2.0.2,1,1
wide-align@1.1.3,1,1
widest-line@3.1.0,1,1
windows-release@3.2.0,1,1
with-open-file@0.1.7,3,1
word-wrap@1.2.3,0,1
wordwrap@1.0.0,0,3
wordwrap@0.0.3,0,1
workbox-background-sync@3.6.3,1,2
workbox-broadcast-cache-update@3.6.3,1,1
workbox-build@3.6.3,22,1
workbox-cache-expiration@3.6.3,1,1
workbox-cacheable-response@3.6.3,1,1
workbox-core@3.6.3,0,12
workbox-google-analytics@3.6.3,4,1
workbox-navigation-preload@3.6.3,1,1
workbox-precaching@3.6.3,1,1
workbox-range-requests@3.6.3,1,1
workbox-routing@3.6.3,1,2
workbox-strategies@3.6.3,1,2
workbox-streams@3.6.3,1,1
workbox-sw@3.6.3,0,1
workbox-webpack-plugin@3.6.3,3,1
worker-farm@1.7.0,1,1
worker-loader@2.0.0,2,1
worker-rpc@0.1.1,1,1
wrap-ansi@2.1.0,2,2
wrap-ansi@5.1.0,3,1
wrap-ansi@6.2.0,3,1
wrappy@1.0.2,0,3
write-file-atomic@1.3.4,3,1
write-file-atomic@2.4.3,3,4
write-file-atomic@3.0.1,4,1
write-json-file@2.3.0,6,1
write-json-file@3.2.0,6,3
write-pkg@3.2.0,2,2
write@1.0.3,1,1
ws@1.1.5,2,3
ws@3.3.3,3,3
ws@6.2.1,1,1
ws@7.2.1,0,1
xcode@2.1.0,2,2
xhr@2.5.0,4,1
xml-name-validator@3.0.0,0,2
xml-parse-from-string@1.0.1,0,1
xml2js@0.4.23,2,1
xmlbuilder@8.2.2,0,1
xmlbuilder@9.0.7,0,1
xmlbuilder@11.0.1,0,1
xmlchars@2.2.0,0,1
xmldoc@1.1.2,1,1
xmldom@0.1.27,0,1
xmldom@0.1.31,0,2
xpipe@1.0.5,0,1
xregexp@4.0.0,0,1
xtend@4.0.2,0,5
y18n@3.2.1,0,1
y18n@4.0.0,0,7
yallist@2.1.2,0,1
yallist@3.1.1,0,5
yaml@1.7.2,1,1
yargs-parser@10.1.0,1,2
yargs-parser@11.1.1,2,1
yargs-parser@13.1.1,2,2
yargs-parser@15.0.0,2,1
yargs-parser@16.1.0,2,1
yargs-parser@7.0.0,1,1
yargs@12.0.2,12,1
yargs@12.0.5,12,1
yargs@13.3.0,10,2
yargs@14.2.2,11,1
yargs@15.1.0,11,3
yargs@9.0.1,13,2
yup@0.27.0,6,1
zen-observable-ts@0.8.20,2,1
zen-observable@0.8.15,0,1
