abbrev@1.1.0,0,2
accepts@1.3.4,2,2
accepts@1.3.7,2,1
acorn-dynamic-import@2.0.2,1,1
acorn-jsx@3.0.1,1,1
acorn@3.3.0,0,1
acorn@4.0.13,0,1
acorn@5.1.1,0,1
acorn@5.7.3,0,1
ajv-errors@1.0.1,0,1
ajv-keywords@2.1.0,0,1
ajv-keywords@2.1.1,0,1
ajv-keywords@3.4.1,0,1
ajv@4.11.8,2,1
ajv@5.5.2,4,4
ajv@6.10.2,4,1
align-text@0.1.4,3,2
alphanum-sort@1.0.2,0,3
amdefine@1.0.1,0,1
ansi-colors@3.2.4,0,1
ansi-escapes@2.0.0,0,1
ansi-html@0.0.7,0,1
ansi-regex@2.1.1,0,2
ansi-regex@3.0.0,0,1
ansi-styles@2.2.1,0,1
ansi-styles@3.2.0,1,1
anymatch@1.3.2,2,1
anymatch@2.0.0,2,1
aproba@1.1.2,0,1
are-we-there-yet@1.1.4,2,1
argparse@1.0.9,1,2
aria-query@0.7.0,1,1
arr-diff@2.0.0,1,1
arr-diff@4.0.0,0,2
arr-flatten@1.1.0,0,2
arr-union@3.1.0,0,2
array-find-index@1.0.2,0,1
array-flatten@1.1.1,0,1
array-flatten@2.1.1,0,1
array-includes@3.0.3,2,2
array-union@1.0.2,1,2
array-uniq@1.0.3,0,1
array-unique@0.2.1,0,1
array-unique@0.3.2,0,4
arrify@1.0.1,0,1
asap@2.0.6,0,1
asn1.js@4.9.1,3,1
asn1@0.2.4,1,1
assert-plus@1.0.0,0,5
assert-plus@0.2.0,0,1
assert@1.4.1,1,1
assign-symbols@1.0.0,0,1
ast-types-flow@0.0.7,0,3
async-each@1.0.1,0,1
async-each@1.0.3,0,1
async-foreach@0.1.3,0,1
async@1.5.2,0,1
async@2.5.0,1,4
asynckit@0.4.0,0,1
atob@2.1.2,0,1
autoprefixer@6.7.7,6,1
autoprefixer@7.1.3,6,0
aws-sign2@0.6.0,0,1
aws4@1.6.0,0,1
axobject-query@0.1.0,1,1
babel-code-frame@6.26.0,3,4
babel-core@6.26.0,19,1
babel-generator@6.26.0,8,1
babel-helper-bindify-decorators@6.24.1,3,1
babel-helper-builder-binary-assignment-operator-visitor@6.24.1,3,1
babel-helper-builder-react-jsx@6.26.0,3,1
babel-helper-call-delegate@6.24.1,4,1
babel-helper-define-map@6.26.0,4,1
babel-helper-explode-assignable-expression@6.24.1,3,1
babel-helper-explode-class@6.24.1,4,1
babel-helper-function-name@6.24.1,5,5
babel-helper-get-function-arity@6.24.1,2,2
babel-helper-hoist-variables@6.24.1,2,2
babel-helper-optimise-call-expression@6.24.1,2,2
babel-helper-regex@6.26.0,3,2
babel-helper-remap-async-to-generator@6.24.1,5,2
babel-helper-replace-supers@6.24.1,6,2
babel-helpers@6.24.1,2,1
babel-loader@7.1.2,3,0
babel-messages@6.23.0,1,5
babel-plugin-check-es2015-constants@6.22.0,1,1
babel-plugin-syntax-async-functions@6.13.0,0,1
babel-plugin-syntax-async-generators@6.13.0,0,1
babel-plugin-syntax-class-properties@6.13.0,0,1
babel-plugin-syntax-decorators@6.13.0,0,1
babel-plugin-syntax-dynamic-import@6.18.0,0,1
babel-plugin-syntax-exponentiation-operator@6.13.0,0,1
babel-plugin-syntax-flow@6.18.0,0,1
babel-plugin-syntax-jsx@6.18.0,0,4
babel-plugin-syntax-object-rest-spread@6.13.0,0,1
babel-plugin-syntax-trailing-function-commas@6.22.0,0,1
babel-plugin-transform-async-generator-functions@6.24.1,3,1
babel-plugin-transform-async-to-generator@6.24.1,3,1
babel-plugin-transform-class-properties@6.24.1,4,1
babel-plugin-transform-decorators@6.24.1,5,1
babel-plugin-transform-es2015-arrow-functions@6.22.0,1,1
babel-plugin-transform-es2015-block-scoped-functions@6.22.0,1,1
babel-plugin-transform-es2015-block-scoping@6.26.0,5,1
babel-plugin-transform-es2015-classes@6.24.1,9,1
babel-plugin-transform-es2015-computed-properties@6.24.1,2,1
babel-plugin-transform-es2015-destructuring@6.23.0,1,1
babel-plugin-transform-es2015-duplicate-keys@6.24.1,2,1
babel-plugin-transform-es2015-for-of@6.23.0,1,1
babel-plugin-transform-es2015-function-name@6.24.1,3,1
babel-plugin-transform-es2015-literals@6.22.0,1,1
babel-plugin-transform-es2015-modules-amd@6.24.1,3,2
babel-plugin-transform-es2015-modules-commonjs@6.26.0,4,2
babel-plugin-transform-es2015-modules-systemjs@6.24.1,3,1
babel-plugin-transform-es2015-modules-umd@6.24.1,3,1
babel-plugin-transform-es2015-object-super@6.24.1,2,1
babel-plugin-transform-es2015-parameters@6.24.1,6,1
babel-plugin-transform-es2015-shorthand-properties@6.24.1,2,1
babel-plugin-transform-es2015-spread@6.22.0,1,1
babel-plugin-transform-es2015-sticky-regex@6.24.1,3,1
babel-plugin-transform-es2015-template-literals@6.22.0,1,1
babel-plugin-transform-es2015-typeof-symbol@6.23.0,1,1
babel-plugin-transform-es2015-unicode-regex@6.24.1,3,1
babel-plugin-transform-exponentiation-operator@6.24.1,3,1
babel-plugin-transform-flow-strip-types@6.22.0,2,1
babel-plugin-transform-object-rest-spread@6.26.0,2,1
babel-plugin-transform-react-display-name@6.25.0,1,1
babel-plugin-transform-react-jsx-self@6.22.0,2,1
babel-plugin-transform-react-jsx-source@6.22.0,2,1
babel-plugin-transform-react-jsx@6.24.1,3,1
babel-plugin-transform-regenerator@6.26.0,1,1
babel-plugin-transform-strict-mode@6.24.1,2,1
babel-polyfill@6.26.0,3,0
babel-preset-es2015@6.24.1,24,0
babel-preset-flow@6.23.0,1,1
babel-preset-react@6.24.1,6,0
babel-preset-stage-2@6.24.1,4,0
babel-preset-stage-3@6.24.1,5,1
babel-register@6.26.0,7,1
babel-runtime@6.26.0,2,59
babel-template@6.26.0,5,16
babel-traverse@6.26.0,9,12
babel-types@6.26.0,4,29
babylon@6.18.0,0,3
backbone-events-standalone@0.2.7,0,1
balanced-match@0.4.2,0,2
balanced-match@1.0.0,0,1
base64-js@1.2.1,0,1
base@0.11.2,7,1
batch@0.6.1,0,1
bcrypt-pbkdf@1.0.2,1,1
big.js@3.1.3,0,2
binary-extensions@1.10.0,0,1
bindings@1.5.0,1,1
block-stream@0.0.9,1,1
bluebird@3.5.0,0,1
bn.js@4.11.8,0,8
body-parser@1.19.0,10,1
bonjour@3.5.0,6,1
boolbase@1.0.0,0,2
boom@2.10.1,1,2
brace-expansion@1.1.11,2,1
braces@1.8.5,3,1
braces@2.3.2,10,2
brorand@1.1.0,0,2
browserify-aes@1.0.6,5,2
browserify-cipher@1.0.0,3,1
browserify-des@1.0.0,3,1
browserify-rsa@4.0.1,2,2
browserify-sign@4.0.4,7,1
browserify-zlib@0.1.4,1,1
browserslist@1.7.7,2,3
browserslist@2.4.0,2,1
buffer-indexof@1.1.1,0,1
buffer-xor@1.0.3,0,1
buffer@4.9.1,3,1
builtin-modules@1.1.1,0,2
builtin-status-codes@3.0.0,0,1
bytes@2.5.0,0,1
bytes@3.1.0,0,2
cache-base@1.0.1,9,1
caller-path@0.1.0,1,1
callsites@0.2.0,0,1
camel-case@3.0.0,2,1
camelcase-keys@2.1.0,2,1
camelcase@1.2.1,0,1
camelcase@2.1.1,0,1
camelcase@3.0.0,0,2
camelcase@4.1.0,0,3
camelize@1.0.0,0,0
caniuse-api@1.6.1,4,1
caniuse-db@1.0.30000721,0,3
caniuse-lite@1.0.30000721,0,2
caseless@0.12.0,0,1
center-align@0.1.3,2,1
chalk@1.1.3,5,4
chalk@2.1.0,3,4
chokidar@1.7.0,8,1
chokidar@2.1.8,11,1
chownr@1.1.3,0,1
cipher-base@1.0.4,2,4
circular-json@0.3.3,0,1
clap@1.2.0,1,1
class-utils@0.3.6,4,1
clean-css@4.1.11,1,1
cli-cursor@2.1.0,1,1
cli-width@2.2.0,0,1
cliui@2.1.0,3,1
cliui@3.2.0,3,2
cliui@4.1.0,3,1
clone-deep@0.3.0,4,1
clone@1.0.2,0,1
co@4.6.0,0,2
coa@1.0.4,1,1
code-point-at@1.1.0,0,1
collection-visit@1.0.0,2,1
color-convert@1.9.0,1,2
color-name@1.1.3,0,2
color-string@0.3.0,1,1
color@0.11.4,3,1
colormin@1.1.2,3,1
colors@1.1.2,0,2
combined-stream@1.0.5,1,2
commander@2.11.0,0,2
commondir@1.0.1,0,1
component-emitter@1.3.0,0,2
compressible@2.0.11,1,1
compression@1.7.0,7,1
concat-map@0.0.1,0,1
concat-stream@1.6.0,3,1
connect-history-api-fallback@1.3.0,0,1
console-browserify@1.1.0,1,1
console-control-strings@1.1.0,0,2
constants-browserify@1.0.0,0,1
contains-path@0.1.0,0,1
content-disposition@0.5.3,1,1
content-type@1.0.4,0,2
convert-source-map@1.5.0,0,1
cookie-signature@1.0.6,0,1
cookie@0.4.0,0,1
copy-descriptor@0.1.1,0,1
core-js@1.2.7,0,1
core-js@2.5.0,0,3
core-util-is@1.0.2,0,3
cosmiconfig@2.2.2,7,3
create-ecdh@4.0.0,2,1
create-hash@1.1.3,4,7
create-hmac@1.1.6,6,3
cross-spawn@3.0.1,2,1
cross-spawn@5.1.0,3,2
cross-spawn@6.0.5,5,2
cryptiles@2.0.5,1,1
crypto-browserify@3.11.1,10,1
css-color-names@0.0.4,0,1
css-hot-loader@1.3.0,2,0
css-loader@0.28.7,14,0
css-select@1.2.0,4,1
css-selector-tokenizer@0.7.0,3,3
css-what@2.1.0,0,1
cssesc@0.1.0,0,1
cssnano@3.10.0,32,1
csso@2.3.2,2,1
currently-unhandled@0.4.1,1,1
d@1.0.0,1,6
damerau-levenshtein@1.0.4,0,1
dashdash@1.14.1,1,1
date-now@0.1.4,0,1
debug@2.6.8,1,2
debug@2.6.9,1,13
debug@3.2.6,1,4
debug@4.1.1,1,2
decamelize@1.2.0,0,5
decamelize@2.0.0,1,1
decode-uri-component@0.2.0,0,1
deep-equal@1.0.1,0,1
deep-extend@0.4.2,0,2
deep-extend@0.6.0,0,1
deep-is@0.1.3,0,1
default-gateway@2.7.2,2,1
define-properties@1.1.2,2,1
define-property@0.2.5,1,5
define-property@1.0.0,1,3
define-property@2.0.2,2,3
defined@1.0.0,0,1
del@2.2.2,7,1
del@3.0.0,6,1
delayed-stream@1.0.0,0,1
delegates@1.0.0,0,1
depd@1.1.1,0,1
depd@1.1.2,0,5
des.js@1.0.0,2,1
destroy@1.0.4,0,1
detect-indent@4.0.0,1,1
detect-libc@1.0.3,0,1
detect-node@2.0.4,0,1
diffie-hellman@5.0.2,3,1
dns-equal@1.0.0,0,1
dns-packet@1.2.2,2,1
dns-txt@2.0.2,1,1
doctrine@1.5.0,2,1
doctrine@2.1.0,1,2
dom-converter@0.1.4,1,1
dom-serializer@0.1.0,2,1
dom-walk@0.1.1,0,1
domain-browser@1.1.7,0,1
domelementtype@1.3.0,0,4
domelementtype@1.1.3,0,1
domhandler@2.1.0,1,1
domutils@1.1.6,1,1
domutils@1.5.1,2,1
ecc-jsbn@0.1.2,2,1
ee-first@1.1.1,0,1
ejs@2.5.7,0,1
electron-to-chromium@1.3.19,0,2
elliptic@6.4.0,7,2
emoji-regex@6.5.1,0,1
emojis-list@2.1.0,0,2
encodeurl@1.0.2,0,4
encoding@0.1.12,1,1
end-of-stream@1.4.4,1,1
enhanced-resolve@3.4.1,4,1
entities@1.1.1,0,1
errno@0.1.4,1,1
error-ex@1.3.1,1,1
error-stack-parser@1.3.6,1,1
es-abstract@1.8.1,5,1
es-to-primitive@1.1.1,3,1
es5-ext@0.10.30,2,7
es6-iterator@2.0.1,3,4
es6-map@0.1.5,6,1
es6-promise@2.3.0,0,1
es6-set@0.1.5,5,1
es6-symbol@3.1.1,2,5
es6-weak-map@2.0.2,4,1
escape-html@1.0.3,0,5
escape-string-regexp@1.0.5,0,3
escope@3.6.0,4,1
eslint-config-airbnb-base@11.3.2,1,1
eslint-config-airbnb@15.1.0,1,0
eslint-import-resolver-node@0.3.1,2,1
eslint-module-utils@2.1.1,2,1
eslint-plugin-import@2.7.0,10,0
eslint-plugin-jsx-a11y@5.1.1,7,0
eslint-plugin-react@7.3.0,4,0
eslint-restricted-globals@0.1.1,0,1
eslint-scope@3.7.1,2,1
eslint-visitor-keys@1.1.0,0,1
eslint@4.18.2,37,0
espree@3.5.4,2,1
esprima@2.7.3,0,1
esprima@4.0.0,0,1
esquery@1.0.0,1,1
esrecurse@4.2.0,2,2
estraverse@4.2.0,0,4
esutils@2.0.2,0,6
etag@1.8.1,0,2
event-emitter@0.3.5,2,2
eventemitter3@1.2.0,0,1
events@1.1.1,0,1
eventsource@1.0.7,1,1
evp_bytestokey@1.0.2,2,3
execa@0.10.0,7,1
execa@0.7.0,7,1
execa@1.0.0,7,1
expand-brackets@0.1.5,1,1
expand-brackets@2.1.4,7,1
expand-range@1.8.2,1,1
express@4.17.1,30,1
extend-shallow@2.0.1,1,6
extend-shallow@3.0.2,2,5
extend@3.0.2,0,1
external-editor@2.0.4,3,1
extglob@0.3.2,1,1
extglob@2.0.4,8,1
extract-text-webpack-plugin@3.0.0,4,0
extsprintf@1.3.0,0,2
fast-deep-equal@1.0.0,0,1
fast-deep-equal@2.0.1,0,1
fast-json-stable-stringify@2.1.0,0,2
fast-levenshtein@2.0.6,0,1
fastparse@1.1.1,0,1
faye-websocket@0.10.0,1,1
faye-websocket@0.11.3,1,1
fbjs@0.8.16,7,3
figures@2.0.0,1,1
file-entry-cache@2.0.0,2,1
file-uri-to-path@1.0.0,0,1
filename-regex@2.0.1,0,1
fill-range@2.2.3,5,1
fill-range@4.0.0,4,1
finalhandler@1.1.2,7,1
find-cache-dir@1.0.0,3,1
find-up@1.1.2,2,2
find-up@2.1.0,1,2
find-up@3.0.0,1,2
flat-cache@1.2.2,4,1
flatten@1.0.2,0,1
for-in@0.1.8,0,1
for-in@1.0.2,0,3
for-own@0.1.5,1,1
for-own@1.0.0,1,1
foreach@2.0.5,0,1
forever-agent@0.6.1,0,1
form-data@2.1.4,3,1
form-urlencoded@0.1.9,0,1
forwarded@0.1.2,0,1
fragment-cache@0.2.1,1,3
fresh@0.5.2,0,2
fs-minipass@1.2.7,1,1
fs.realpath@1.0.0,0,2
fsevents@1.1.2,2,0
fsevents@1.2.11,3,0
fstream-ignore@1.0.5,3,1
fstream@1.0.12,4,4
function-bind@1.1.1,0,2
functional-red-black-tree@1.0.1,0,1
gauge@2.7.4,8,1
gaze@1.1.2,1,1
get-caller-file@1.0.2,0,3
get-stdin@4.0.1,0,2
get-stream@3.0.0,0,2
get-stream@4.1.0,1,1
get-value@2.0.6,0,4
getpass@0.1.7,1,1
glob-base@0.3.0,2,1
glob-parent@2.0.0,1,2
glob-parent@3.1.0,2,1
glob@7.1.2,6,7
glob@7.1.6,6,1
global@4.3.2,2,1
globals@11.12.0,0,1
globals@9.18.0,0,1
globby@5.0.0,6,1
globby@6.1.0,5,1
globule@1.2.0,3,1
graceful-fs@4.2.3,0,10
handle-thing@2.0.0,0,1
har-schema@1.0.5,0,1
har-validator@4.2.1,2,1
has-ansi@2.0.0,1,1
has-flag@1.0.0,0,1
has-flag@2.0.0,0,1
has-flag@3.0.0,0,1
has-unicode@2.0.1,0,1
has-value@0.3.1,3,1
has-value@1.0.0,3,1
has-values@0.1.4,0,1
has-values@1.0.0,2,1
has@1.0.1,1,10
hash-base@2.0.2,1,1
hash-base@3.0.4,2,1
hash.js@1.1.3,2,2
hawk@3.1.3,4,1
he@1.1.1,0,1
hmac-drbg@1.0.1,3,1
hoek@2.16.3,0,3
hoist-non-react-statics@2.3.1,0,1
home-or-tmp@2.0.0,2,1
hosted-git-info@2.5.0,0,1
hpack.js@2.1.6,4,1
html-comment-regex@1.1.1,0,1
html-entities@1.2.1,0,1
html-minifier@3.5.3,8,1
html-webpack-plugin@2.30.1,6,0
htmlparser2@3.3.0,4,1
http-deceiver@1.2.7,0,1
http-errors@1.7.2,5,2
http-errors@1.6.2,4,1
http-errors@1.7.3,5,1
http-proxy-middleware@0.18.0,4,1
http-proxy@1.16.2,2,1
http-signature@1.1.1,3,1
https-browserify@0.0.1,0,1
iconv-lite@0.4.24,1,3
iconv-lite@0.4.18,0,2
icss-replace-symbols@1.1.0,0,1
icss-utils@2.1.0,1,1
ieee754@1.1.8,0,1
ignore-walk@3.0.3,1,1
ignore@3.3.5,0,1
import-local@2.0.0,2,1
imurmurhash@0.1.4,0,1
in-publish@2.0.0,0,1
indent-string@2.1.0,1,1
indexes-of@1.0.1,0,1
indexof@0.0.1,0,1
inflight@1.0.6,2,2
inherits@2.0.4,0,33
inherits@2.0.1,0,1
inherits@2.0.3,0,2
ini@1.3.4,0,2
inquirer@3.2.3,14,1
internal-ip@3.0.1,2,1
interpret@1.0.3,0,1
invariant@2.2.2,1,2
invert-kv@1.0.0,0,1
invert-kv@2.0.0,0,1
ip-regex@2.1.0,0,1
ip@1.1.5,0,2
ipaddr.js@1.9.0,0,1
ipaddr.js@1.9.1,0,1
is-absolute-url@2.1.0,0,1
is-accessor-descriptor@0.1.6,1,1
is-accessor-descriptor@1.0.0,1,1
is-arrayish@0.2.1,0,1
is-binary-path@1.0.1,1,2
is-buffer@1.1.5,0,3
is-builtin-module@1.0.0,1,1
is-callable@1.1.3,0,2
is-data-descriptor@0.1.4,1,1
is-data-descriptor@1.0.0,1,1
is-date-object@1.0.1,0,1
is-descriptor@0.1.6,3,1
is-descriptor@1.0.2,3,2
is-directory@0.3.1,0,1
is-dotfile@1.0.3,0,1
is-equal-shallow@0.1.3,1,1
is-extendable@0.1.1,0,6
is-extendable@1.0.1,1,2
is-extglob@1.0.0,0,4
is-extglob@2.1.1,0,2
is-finite@1.0.2,1,1
is-fullwidth-code-point@1.0.0,1,1
is-fullwidth-code-point@2.0.0,0,2
is-glob@2.0.1,1,5
is-glob@3.1.0,1,1
is-glob@4.0.1,1,2
is-number@2.1.0,1,1
is-number@3.0.0,1,4
is-path-cwd@1.0.0,0,2
is-path-in-cwd@1.0.0,1,2
is-path-inside@1.0.0,1,1
is-plain-obj@1.1.0,0,1
is-plain-object@2.0.4,1,3
is-posix-bracket@0.1.1,0,1
is-primitive@2.0.0,0,2
is-promise@2.1.0,0,1
is-regex@1.0.4,1,1
is-resolvable@1.0.0,1,1
is-stream@1.1.0,0,4
is-svg@2.1.0,1,1
is-symbol@1.0.1,0,1
is-typedarray@1.0.0,0,1
is-utf8@0.2.1,0,1
is-windows@1.0.2,0,1
is-wsl@1.1.0,0,1
isarray@0.0.1,0,1
isarray@1.0.0,0,4
isexe@2.0.0,0,1
isobject@2.1.0,1,2
isobject@3.0.1,0,11
isomorphic-fetch@2.2.1,2,1
isstream@0.1.2,0,1
js-base64@2.1.9,0,2
js-cookie@2.1.4,0,0
js-tokens@3.0.2,0,2
js-yaml@3.9.1,2,2
js-yaml@3.7.0,2,1
jsbn@0.1.1,0,2
jschardet@1.5.1,0,1
jsesc@1.3.0,0,1
jsesc@0.5.0,0,1
json-loader@0.5.7,0,1
json-schema-traverse@0.3.1,0,1
json-schema-traverse@0.4.1,0,1
json-schema@0.2.3,0,1
json-stable-stringify-without-jsonify@1.0.1,0,1
json-stable-stringify@1.0.1,1,1
json-stringify-safe@5.0.1,0,1
json3@3.3.2,0,1
json5@0.5.1,0,4
jsonify@0.0.0,0,1
jsprim@1.4.1,4,1
jsx-ast-utils@1.4.1,0,1
jsx-ast-utils@2.0.1,1,1
killable@1.0.1,0,1
kind-of@2.0.1,1,1
kind-of@3.2.2,1,10
kind-of@4.0.0,1,2
kind-of@5.1.0,0,1
kind-of@6.0.2,0,5
lazy-cache@0.2.7,0,1
lazy-cache@1.0.4,0,1
lcid@1.0.0,1,2
lcid@2.0.0,1,1
levn@0.3.0,2,2
load-json-file@1.1.0,5,1
load-json-file@2.0.0,4,1
loader-runner@2.3.0,0,1
loader-utils@0.2.17,4,2
loader-utils@1.1.0,3,8
locate-path@2.0.0,2,1
locate-path@3.0.0,2,1
lodash-es@4.17.15,0,2
lodash.assign@4.2.0,0,1
lodash.camelcase@4.3.0,0,1
lodash.clonedeep@4.5.0,0,1
lodash.cond@4.5.2,0,1
lodash.memoize@4.1.2,0,1
lodash.merge@4.6.2,0,0
lodash.mergewith@4.6.2,0,1
lodash.tail@4.1.1,0,1
lodash.uniq@4.5.0,0,1
lodash@4.17.15,0,20
loglevel@1.4.1,0,1
longest@1.0.1,0,1
loose-envify@1.3.1,1,7
loud-rejection@1.6.0,2,1
lower-case@1.1.4,0,1
lru-cache@4.1.1,2,2
macaddress@0.2.9,0,1
make-dir@1.0.0,1,1
map-age-cleaner@0.1.3,1,1
map-cache@0.2.2,0,2
map-obj@1.0.1,0,2
map-visit@1.0.0,1,1
math-expression-evaluator@1.2.17,0,1
md5.js@1.3.4,2,1
media-typer@0.3.0,0,1
mem@1.1.0,1,1
mem@4.3.0,3,1
memory-fs@0.4.1,2,3
meow@3.7.0,10,1
merge-descriptors@1.0.1,0,1
methods@1.1.2,0,1
micromatch@2.3.11,13,1
micromatch@3.1.10,13,3
miller-rabin@4.0.0,2,1
mime-db@1.43.0,0,1
mime-db@1.30.0,0,1
mime-db@1.29.0,0,1
mime-types@2.1.16,1,4
mime-types@2.1.26,1,2
mime@1.6.0,0,1
mime@1.4.0,0,1
mime@2.4.4,0,1
mimic-fn@1.1.0,0,2
mimic-fn@2.1.0,0,1
min-document@2.19.0,1,1
minimalistic-assert@1.0.0,0,7
minimalistic-crypto-utils@1.0.1,0,2
minimatch@3.0.4,1,11
minimist@0.0.8,0,1
minimist@1.2.0,0,4
minimist@0.0.10,0,1
minipass@2.9.0,2,3
minizlib@1.3.3,1,1
mixin-deep@1.3.2,2,1
mixin-object@2.0.1,2,1
mkdirp@0.5.1,1,13
moment@2.19.3,0,0
ms@2.0.0,0,2
ms@2.1.1,0,1
ms@2.1.2,0,2
multicast-dns-service-types@1.1.0,0,1
multicast-dns@6.1.1,2,1
mute-stream@0.0.7,0,1
nan@2.14.0,0,1
nan@2.7.0,0,2
nanomatch@1.2.13,11,1
natural-compare@1.4.0,0,1
ncname@1.0.0,1,1
needle@2.4.0,3,1
negotiator@0.6.1,0,1
negotiator@0.6.2,0,1
nice-try@1.0.5,0,1
no-case@2.3.2,1,2
node-fetch@1.7.2,2,1
node-forge@0.6.33,0,1
node-gyp@3.6.2,13,1
node-libs-browser@2.0.0,23,1
node-pre-gyp@0.14.0,10,1
node-pre-gyp@0.6.36,9,1
node-sass@4.5.3,18,0
node-static@0.7.9,3,1
nopt@3.0.6,1,1
nopt@4.0.1,2,2
normalize-package-data@2.4.0,4,3
normalize-path@2.1.1,1,3
normalize-path@3.0.0,0,1
normalize-range@0.1.2,0,2
normalize-url@1.9.1,4,2
normalizr@3.2.3,0,0
npm-bundled@1.1.1,1,1
npm-normalize-package-bin@1.0.1,0,1
npm-packlist@1.4.7,2,1
npm-run-path@2.0.2,1,3
npmlog@4.1.2,4,4
nth-check@1.0.1,1,1
num2fraction@1.2.2,0,2
number-is-nan@1.0.1,0,2
oauth-sign@0.8.2,0,1
object-assign@4.1.1,0,23
object-copy@0.1.0,3,1
object-keys@1.0.11,0,1
object-visit@1.0.1,1,2
object.omit@2.0.1,2,1
object.pick@1.3.0,1,2
obuf@1.1.1,0,1
obuf@1.1.2,0,1
offline-plugin@4.8.3,5,0
on-finished@2.3.0,1,4
on-headers@1.0.1,0,1
once@1.4.0,1,6
onetime@2.0.1,1,1
opn@5.5.0,1,1
optimist@0.6.1,2,1
optionator@0.8.2,6,1
original@1.0.2,1,1
os-browserify@0.2.1,0,1
os-homedir@1.0.2,0,3
os-locale@1.4.0,1,1
os-locale@2.1.0,3,1
os-locale@3.1.0,3,1
os-tmpdir@1.0.2,0,3
osenv@0.1.4,2,2
p-defer@1.0.0,0,1
p-finally@1.0.0,0,3
p-is-promise@2.1.0,0,1
p-limit@1.1.0,0,1
p-limit@2.2.2,1,1
p-locate@2.0.0,1,1
p-locate@3.0.0,1,1
p-map@1.1.1,0,1
p-try@2.2.0,0,1
pako@0.2.9,0,1
param-case@2.1.1,1,1
parse-asn1@5.1.0,5,2
parse-glob@3.0.4,4,1
parse-json@2.2.0,1,3
parseurl@1.3.1,0,1
parseurl@1.3.3,0,3
pascalcase@0.1.1,0,1
path-browserify@0.0.0,0,1
path-dirname@1.0.2,0,1
path-exists@2.1.0,1,1
path-exists@3.0.0,0,2
path-is-absolute@1.0.1,0,5
path-is-inside@1.0.2,0,2
path-key@2.0.1,0,2
path-parse@1.0.5,0,1
path-to-regexp@0.1.7,0,1
path-to-regexp@2.0.0,0,0
path-type@1.1.0,3,1
path-type@2.0.0,1,1
pbkdf2@3.0.13,5,2
performance-now@0.2.0,0,1
pify@2.3.0,0,8
pify@3.0.0,0,2
pinkie-promise@2.0.1,1,7
pinkie@2.0.4,0,1
pkg-dir@1.0.0,1,1
pkg-dir@2.0.0,1,1
pkg-dir@3.0.0,1,1
pluralize@7.0.0,0,1
portfinder@1.0.13,3,1
posix-character-classes@0.1.1,0,1
postcss-calc@5.3.1,3,1
postcss-colormin@2.2.2,3,1
postcss-convert-values@2.6.1,2,1
postcss-discard-comments@2.0.4,1,1
postcss-discard-duplicates@2.1.0,1,1
postcss-discard-empty@2.1.0,1,1
postcss-discard-overridden@0.1.1,1,1
postcss-discard-unused@2.2.3,2,1
postcss-filter-plugins@2.0.2,2,1
postcss-load-config@1.2.0,4,1
postcss-load-options@1.2.0,2,1
postcss-load-plugins@2.3.0,2,1
postcss-loader@2.0.6,4,0
postcss-merge-idents@2.1.7,3,1
postcss-merge-longhand@2.0.2,1,1
postcss-merge-rules@2.1.2,5,1
postcss-message-helpers@2.0.0,0,1
postcss-minify-font-values@1.0.5,3,1
postcss-minify-gradients@1.0.5,2,1
postcss-minify-params@1.2.2,4,1
postcss-minify-selectors@2.1.1,4,1
postcss-modules-extract-imports@1.2.0,1,1
postcss-modules-local-by-default@1.2.0,2,1
postcss-modules-scope@1.1.0,2,1
postcss-modules-values@1.3.0,2,1
postcss-normalize-charset@1.1.1,1,1
postcss-normalize-url@3.0.8,4,1
postcss-ordered-values@2.2.3,2,1
postcss-reduce-idents@2.4.0,2,1
postcss-reduce-initial@1.0.1,1,1
postcss-reduce-transforms@1.0.4,3,1
postcss-selector-parser@2.2.3,3,2
postcss-svgo@2.1.6,4,1
postcss-unique-selectors@2.0.2,3,1
postcss-value-parser@3.3.0,0,15
postcss-zindex@2.2.0,3,1
postcss@5.2.17,4,28
postcss@6.0.10,3,7
prelude-ls@1.1.2,0,3
prepend-http@1.0.4,0,1
preserve@0.2.0,0,1
pretty-error@2.1.1,2,1
private@0.1.7,0,2
process-nextick-args@1.0.7,0,1
process@0.11.10,0,1
process@0.5.2,0,1
progress@2.0.0,0,1
promise@7.3.1,1,1
prop-types@15.6.0,3,5
proxy-addr@2.0.5,2,1
prr@0.0.0,0,1
pseudomap@1.0.2,0,1
public-encrypt@4.0.0,5,1
pump@3.0.0,2,1
punycode@1.3.2,0,1
punycode@1.4.1,0,2
punycode@2.1.1,0,1
q@1.5.0,0,1
qs@6.7.0,0,2
qs@6.4.0,0,1
query-string@2.4.2,1,1
query-string@4.3.4,2,1
querystring-es3@0.2.1,0,1
querystring@0.2.0,0,1
querystringify@2.1.1,0,1
randomatic@1.1.7,2,1
randombytes@2.0.5,1,4
range-parser@1.2.0,0,1
range-parser@1.2.1,0,2
raw-body@2.4.0,4,1
rc@1.2.1,4,1
rc@1.2.8,4,1
react-deep-force-update@2.1.1,0,1
react-dom@16.0.1,4,0
react-hot-loader@3.0.0-beta.7,6,0
react-proxy@3.0.0-alpha.1,1,1
react-redux@5.0.6,6,0
react@16.0.0,4,0
read-pkg-up@1.0.1,2,2
read-pkg-up@2.0.0,2,2
read-pkg@1.1.0,3,1
read-pkg@2.0.0,3,1
readable-stream@1.0.34,4,1
readable-stream@2.3.3,7,11
readable-stream@3.4.0,3,1
readdirp@2.1.0,4,1
readdirp@2.2.1,3,1
redbox-react@1.5.0,4,1
redent@1.0.0,2,1
reduce-css-calc@1.3.0,3,1
reduce-function-call@1.0.2,1,1
redux-thunk@2.2.0,0,0
redux@3.7.2,4,0
regenerate@1.3.2,0,2
regenerator-runtime@0.10.5,0,1
regenerator-runtime@0.11.0,0,1
regenerator-transform@0.10.1,3,1
regex-cache@0.4.3,2,1
regex-not@1.0.2,2,5
regexpu-core@1.0.0,3,1
regexpu-core@2.0.0,3,1
regjsgen@0.2.0,0,2
regjsparser@0.1.5,1,2
relateurl@0.2.7,0,1
remove-trailing-separator@1.1.0,0,1
renderkid@2.0.1,5,1
repeat-element@1.1.2,0,3
repeat-string@1.6.1,0,4
repeating@2.0.1,1,2
request@2.81.0,22,3
require-directory@2.1.1,0,3
require-from-string@1.2.1,0,1
require-main-filename@1.0.1,0,3
require-uncached@1.0.3,2,1
requires-port@1.0.0,0,2
reselect@3.0.1,0,0
resolve-cwd@2.0.0,1,1
resolve-from@1.0.1,0,1
resolve-from@3.0.0,0,1
resolve-url@0.2.1,0,1
resolve@1.4.0,1,1
restore-cursor@2.0.0,2,1
ret@0.1.15,0,1
right-align@0.1.3,1,1
rimraf@2.7.1,1,7
ripemd160@2.0.1,2,3
run-async@2.3.0,1,1
rx-lite-aggregates@4.0.8,1,1
rx-lite@4.0.8,0,2
safe-buffer@5.1.1,0,12
safe-buffer@5.1.2,0,2
safe-buffer@5.2.0,0,3
safe-regex@1.1.0,1,2
safer-buffer@2.1.2,0,4
sass-graph@2.2.4,4,1
sass-loader@6.0.6,5,0
sax@1.2.4,0,2
schema-utils@0.3.0,1,3
schema-utils@1.0.0,3,1
scss-tokenizer@0.2.3,2,1
select-hose@2.0.0,0,1
selfsigned@1.10.1,1,1
semver@5.7.1,0,6
semver@5.3.0,0,1
send@0.17.1,13,2
serve-index@1.9.0,7,1
serve-static@1.14.1,4,1
set-blocking@2.0.0,0,4
set-immediate-shim@1.0.1,0,1
set-value@2.0.1,4,2
setimmediate@1.0.5,0,2
setprototypeof@1.0.3,0,1
setprototypeof@1.1.1,0,3
sha.js@2.4.8,1,3
shallow-clone@0.1.2,4,1
shebang-command@1.2.0,1,2
shebang-regex@1.0.0,0,1
signal-exit@3.0.2,0,6
slash@1.0.0,0,2
slice-ansi@1.0.0,1,1
snapdragon-node@2.1.1,3,1
snapdragon-util@3.0.1,1,1
snapdragon@0.8.2,8,5
sntp@1.0.9,1,1
sockjs-client@1.3.0,6,1
sockjs@0.3.19,2,1
sort-keys@1.1.2,1,1
soundcloud@3.2.1,5,0
source-list-map@2.0.0,0,2
source-map-resolve@0.5.3,5,1
source-map-support@0.4.16,1,1
source-map-url@0.4.0,0,1
source-map@0.5.6,0,1
source-map@0.5.7,0,13
source-map@0.4.4,1,2
sourcemapped-stacktrace@1.1.7,1,1
spdx-correct@1.0.2,1,1
spdx-expression-parse@1.0.4,0,1
spdx-license-ids@1.2.2,0,1
spdy-transport@3.0.0,6,1
spdy@4.0.1,5,1
split-string@3.1.0,1,2
sprintf-js@1.0.3,0,1
sshpk@1.16.1,9,1
stackframe@0.3.1,0,1
static-extend@0.1.2,2,1
statuses@1.3.1,0,1
statuses@1.5.0,0,5
stdout-stream@1.4.0,1,1
stream-browserify@2.0.1,2,1
stream-http@2.7.2,5,1
strict-uri-encode@1.1.0,0,2
string-width@1.0.2,3,5
string-width@2.1.1,2,5
string_decoder@0.10.31,0,2
string_decoder@1.3.0,1,1
string_decoder@1.0.3,1,1
stringstream@0.0.6,0,1
strip-ansi@3.0.1,1,7
strip-ansi@4.0.0,1,4
strip-bom@2.0.0,1,1
strip-bom@3.0.0,0,1
strip-eof@1.0.0,0,3
strip-indent@1.0.1,1,1
strip-json-comments@2.0.1,0,3
style-loader@0.18.2,2,0
supports-color@2.0.0,0,1
supports-color@3.2.3,1,1
supports-color@4.4.0,1,3
supports-color@5.5.0,1,1
svgo@0.7.2,7,1
symbol-observable@1.0.4,0,1
table@4.0.2,6,1
tapable@0.2.8,0,2
tar-pack@3.4.0,8,1
tar@2.2.1,3,3
tar@4.4.13,7,1
text-table@0.2.0,0,1
through@2.3.8,0,1
thunky@0.1.0,0,1
timers-browserify@2.0.4,1,1
tmp@0.0.31,1,1
to-arraybuffer@1.0.1,0,1
to-fast-properties@1.0.3,0,1
to-object-path@0.3.0,1,1
to-regex-range@2.1.1,2,1
to-regex@3.0.2,4,5
toidentifier@1.0.0,0,2
toposort@1.0.3,0,1
tough-cookie@2.3.4,1,1
trim-newlines@1.0.0,0,1
trim-right@1.0.1,0,1
tryit@1.0.3,0,1
tty-browserify@0.0.0,0,1
tunnel-agent@0.6.0,1,1
tweetnacl@0.14.5,0,2
type-check@0.3.2,1,2
type-is@1.6.18,2,2
typedarray@0.0.6,0,1
ua-parser-js@0.7.14,0,1
uglify-js@3.0.28,2,1
uglify-js@2.8.29,2,1
uglify-to-browserify@1.0.2,0,0
uglifyjs-webpack-plugin@0.4.6,3,1
uid-number@0.0.6,0,1
union-value@1.0.1,4,1
uniq@1.0.1,0,1
uniqid@4.1.1,1,1
uniqs@2.0.0,0,4
unpipe@1.0.0,0,2
unset-value@1.0.0,2,1
upath@1.2.0,0,1
upper-case@1.1.3,0,1
uri-js@4.2.2,1,1
urix@0.1.0,0,1
url-parse@1.4.7,2,2
url@0.11.0,2,2
use@3.1.1,0,1
util-deprecate@1.0.2,0,2
util@0.10.3,1,2
utila@0.3.3,0,2
utila@0.4.0,0,1
utils-merge@1.0.1,0,1
uuid@3.1.0,0,1
uuid@3.3.3,0,2
validate-npm-package-license@3.0.1,2,1
vary@1.1.1,0,1
vary@1.1.2,0,1
vendors@1.0.1,0,1
verror@1.10.0,3,1
vm-browserify@0.0.4,1,1
watchpack@1.4.0,3,1
wbuf@1.7.2,1,1
wbuf@1.7.3,1,1
webpack-dev-middleware@3.4.0,4,1
webpack-dev-server@3.1.11,30,0
webpack-log@2.0.0,2,2
webpack-sources@1.0.1,2,3
webpack@3.6.0,22,0
websocket-driver@0.6.5,1,2
websocket-extensions@0.1.1,0,1
whatwg-fetch@2.0.3,0,1
whet.extend@0.9.9,0,1
which-module@1.0.0,0,1
which-module@2.0.0,0,2
which@1.3.0,1,4
wide-align@1.1.2,1,1
window-size@0.1.0,0,1
wordwrap@0.0.2,0,1
wordwrap@0.0.3,0,1
wordwrap@1.0.0,0,1
wrap-ansi@2.1.0,2,2
wrappy@1.0.2,0,2
write@0.2.1,1,1
xml-char-classes@1.0.0,0,1
xregexp@4.0.0,0,1
xtend@4.0.1,0,1
y18n@3.2.1,0,2
y18n@4.0.0,0,1
yallist@2.1.2,0,1
yallist@3.1.1,0,2
yargs-parser@10.1.0,1,1
yargs-parser@5.0.0,1,1
yargs-parser@7.0.0,1,1
yargs@12.0.2,12,1
yargs@7.1.0,13,1
yargs@8.0.2,13,1
yargs@3.10.0,4,1
