@babel/code-frame@7.8.3	1	8
@babel/compat-data@7.8.6	3	2
@babel/core@7.8.6	15	6
@babel/generator@7.8.6	4	3
@babel/helper-annotate-as-pure@7.8.3	1	4
@babel/helper-builder-binary-assignment-operator-visitor@7.8.3	2	1
@babel/helper-call-delegate@7.8.3	3	1
@babel/helper-compilation-targets@7.8.6	5	2
@babel/helper-create-class-features-plugin@7.8.6	6	2
@babel/helper-create-regexp-features-plugin@7.8.6	3	4
@babel/helper-define-map@7.8.3	3	1
@babel/helper-explode-assignable-expression@7.8.3	2	1
@babel/helper-function-name@7.8.3	3	6
@babel/helper-get-function-arity@7.8.3	1	2
@babel/helper-hoist-variables@7.8.3	1	2
@babel/helper-member-expression-to-functions@7.8.3	1	2
@babel/helper-module-imports@7.8.3	1	6
@babel/helper-module-transforms@7.8.6	7	4
@babel/helper-optimise-call-expression@7.8.3	1	3
@babel/helper-plugin-utils@7.8.3	0	55
@babel/helper-regex@7.8.3	1	2
@babel/helper-remap-async-to-generator@7.8.3	5	2
@babel/helper-replace-supers@7.8.6	4	4
@babel/helper-simple-access@7.8.3	2	2
@babel/helper-split-export-declaration@7.8.3	1	4
@babel/helper-wrap-function@7.8.3	4	1
@babel/helpers@7.8.4	3	1
@babel/highlight@7.8.3	3	1
@babel/parser@7.8.6	0	8
@babel/plugin-proposal-async-generator-functions@7.8.3	3	1
@babel/plugin-proposal-class-properties@7.8.3	2	1
@babel/plugin-proposal-decorators@7.8.3	3	1
@babel/plugin-proposal-dynamic-import@7.8.3	2	1
@babel/plugin-proposal-json-strings@7.8.3	2	1
@babel/plugin-proposal-nullish-coalescing-operator@7.8.3	2	1
@babel/plugin-proposal-object-rest-spread@7.8.3	2	1
@babel/plugin-proposal-optional-catch-binding@7.8.3	2	1
@babel/plugin-proposal-optional-chaining@7.8.3	2	1
@babel/plugin-proposal-unicode-property-regex@7.8.3	2	1
@babel/plugin-syntax-async-generators@7.8.4	1	2
@babel/plugin-syntax-bigint@7.8.3	1	1
@babel/plugin-syntax-decorators@7.8.3	1	1
@babel/plugin-syntax-dynamic-import@7.8.3	1	3
@babel/plugin-syntax-json-strings@7.8.3	1	2
@babel/plugin-syntax-jsx@7.8.3	1	6
@babel/plugin-syntax-nullish-coalescing-operator@7.8.3	1	2
@babel/plugin-syntax-object-rest-spread@7.8.3	1	4
@babel/plugin-syntax-optional-catch-binding@7.8.3	1	2
@babel/plugin-syntax-optional-chaining@7.8.3	1	2
@babel/plugin-syntax-top-level-await@7.8.3	1	1
@babel/plugin-transform-arrow-functions@7.8.3	1	1
@babel/plugin-transform-async-to-generator@7.8.3	3	1
@babel/plugin-transform-block-scoped-functions@7.8.3	1	1
@babel/plugin-transform-block-scoping@7.8.3	2	1
@babel/plugin-transform-classes@7.8.6	8	1
@babel/plugin-transform-computed-properties@7.8.3	1	1
@babel/plugin-transform-destructuring@7.8.3	1	1
@babel/plugin-transform-dotall-regex@7.8.3	2	1
@babel/plugin-transform-duplicate-keys@7.8.3	1	1
@babel/plugin-transform-exponentiation-operator@7.8.3	2	1
@babel/plugin-transform-for-of@7.8.6	1	1
@babel/plugin-transform-function-name@7.8.3	2	1
@babel/plugin-transform-literals@7.8.3	1	1
@babel/plugin-transform-member-expression-literals@7.8.3	1	1
@babel/plugin-transform-modules-amd@7.8.3	3	1
@babel/plugin-transform-modules-commonjs@7.8.3	4	1
@babel/plugin-transform-modules-systemjs@7.8.3	4	1
@babel/plugin-transform-modules-umd@7.8.3	2	1
@babel/plugin-transform-named-capturing-groups-regex@7.8.3	1	1
@babel/plugin-transform-new-target@7.8.3	1	1
@babel/plugin-transform-object-super@7.8.3	2	1
@babel/plugin-transform-parameters@7.8.4	3	1
@babel/plugin-transform-property-literals@7.8.3	1	1
@babel/plugin-transform-regenerator@7.8.3	1	1
@babel/plugin-transform-reserved-words@7.8.3	1	1
@babel/plugin-transform-runtime@7.8.3	4	1
@babel/plugin-transform-shorthand-properties@7.8.3	1	1
@babel/plugin-transform-spread@7.8.3	1	1
@babel/plugin-transform-sticky-regex@7.8.3	2	1
@babel/plugin-transform-template-literals@7.8.3	2	1
@babel/plugin-transform-typeof-symbol@7.8.4	1	1
@babel/plugin-transform-unicode-regex@7.8.3	2	1
@babel/polyfill@7.8.3	2	0
@babel/preset-env@7.8.6	57	1
@babel/runtime@7.8.4	1	2
@babel/template@7.8.6	3	9
@babel/traverse@7.8.6	9	11
@babel/types@7.8.6	3	30
@bcoe/v8-coverage@0.2.3	0	1
@cnakazawa/watch@1.0.4	2	1
@cypress/listr-verbose-renderer@0.4.1	4	1
@cypress/xvfb@1.2.4	2	1
@evocateur/libnpmaccess@3.1.2	5	1
@evocateur/libnpmpublish@1.2.2	9	1
@evocateur/npm-registry-fetch@4.0.0	7	5
@evocateur/pacote@9.6.5	29	3
@google-cloud/common@2.4.0	9	1
@google-cloud/projectify@1.0.4	0	1
@google-cloud/promisify@1.0.4	0	1
@google-cloud/trace-agent@4.2.5	15	0
@istanbuljs/load-nyc-config@1.0.0	4	1
@istanbuljs/schema@0.1.2	0	3
@jest/console@24.9.0	3	2
@jest/console@25.1.0	4	5
@jest/core@25.1.0	28	2
@jest/environment@25.1.0	3	6
@jest/fake-timers@24.9.0	3	1
@jest/fake-timers@25.1.0	5	3
@jest/reporters@25.1.0	25	1
@jest/source-map@24.9.0	3	2
@jest/source-map@25.1.0	3	3
@jest/test-result@24.9.0	3	2
@jest/test-result@25.1.0	5	9
@jest/test-sequencer@25.1.0	4	1
@jest/transform@24.9.0	16	1
@jest/transform@25.1.0	16	5
@jest/types@24.9.0	3	8
@jest/types@25.1.0	4	27
@lerna/add@3.20.0	10	1
@lerna/bootstrap@3.20.0	23	2
@lerna/changed@3.20.0	4	1
@lerna/check-working-tree@3.16.5	3	2
@lerna/child-process@3.16.5	3	16
@lerna/clean@3.20.0	8	1
@lerna/cli@3.18.5	4	1
@lerna/collect-uncommitted@3.16.5	4	1
@lerna/collect-updates@3.20.0	5	4
@lerna/command@3.18.5	10	15
@lerna/conventional-commits@3.18.5	11	1
@lerna/create-symlink@3.16.2	3	2
@lerna/create@3.18.5	18	1
@lerna/describe-ref@3.16.5	2	3
@lerna/diff@3.18.5	4	1
@lerna/exec@3.20.0	7	1
@lerna/filter-options@3.20.0	5	6
@lerna/filter-packages@3.18.0	3	1
@lerna/get-npm-exec-opts@3.13.0	1	2
@lerna/get-packed@3.16.0	3	1
@lerna/github-client@3.16.5	5	1
@lerna/gitlab-client@3.15.0	3	1
@lerna/global-options@3.13.0	0	1
@lerna/has-npm-version@3.16.5	2	1
@lerna/import@3.18.5	8	1
@lerna/info@3.20.0	3	1
@lerna/init@3.18.5	5	1
@lerna/link@3.18.5	5	1
@lerna/list@3.20.0	4	1
@lerna/listable@3.18.5	3	2
@lerna/log-packed@3.16.0	4	1
@lerna/npm-conf@3.16.0	2	4
@lerna/npm-dist-tag@3.18.5	5	1
@lerna/npm-install@3.16.5	7	1
@lerna/npm-publish@3.18.5	9	1
@lerna/npm-run-script@3.16.5	3	1
@lerna/otplease@3.18.5	2	3
@lerna/output@3.13.0	1	6
@lerna/pack-directory@3.16.4	8	1
@lerna/package-graph@3.18.5	5	4
@lerna/package@3.16.0	3	3
@lerna/prerelease-id-from-version@3.16.0	1	3
@lerna/profiler@3.20.0	4	2
@lerna/project@3.18.0	12	1
@lerna/prompt@3.18.5	2	5
@lerna/publish@3.20.2	30	1
@lerna/pulse-till-done@3.13.0	1	4
@lerna/query-graph@3.18.5	2	2
@lerna/resolve-symlink@3.16.0	3	1
@lerna/rimraf-dir@3.16.5	4	2
@lerna/run-lifecycle@3.16.2	4	5
@lerna/run-topologically@3.18.5	3	5
@lerna/run@3.20.0	9	1
@lerna/symlink-binary@3.17.0	4	2
@lerna/symlink-dependencies@3.17.0	7	2
@lerna/timer@3.13.0	0	1
@lerna/validation-error@3.13.0	1	15
@lerna/version@3.20.2	26	2
@lerna/write-log-file@3.13.0	2	1
@mrmlnc/readdir-enhanced@2.2.1	2	1
@nodelib/fs.stat@1.1.3	0	1
@octokit/auth-token@2.4.0	1	1
@octokit/endpoint@5.5.3	3	1
@octokit/plugin-enterprise-rest@3.6.2	0	1
@octokit/plugin-paginate-rest@1.1.2	1	1
@octokit/plugin-request-log@1.0.0	0	1
@octokit/plugin-rest-endpoint-methods@2.4.0	2	1
@octokit/request-error@1.2.1	3	2
@octokit/request@5.3.2	8	1
@octokit/rest@16.43.1	16	1
@octokit/types@2.3.1	1	6
@opencensus/core@0.0.19	5	1
@opencensus/propagation-stackdriver@0.0.19	3	1
@samverschueren/stream-to-observable@0.3.0	1	1
@sindresorhus/is@0.14.0	0	1
@sinonjs/commons@1.7.1	1	1
@szmarczak/http-timer@1.1.2	1	1
@tootallnate/once@1.0.0	0	1
@types/anymatch@1.3.1	0	1
@types/babel__core@7.1.6	5	2
@types/babel__generator@7.6.1	1	1
@types/babel__template@7.0.2	2	1
@types/babel__traverse@7.0.9	1	3
@types/body-parser@1.19.0	2	1
@types/color-name@1.1.1	0	1
@types/connect-history-api-fallback@1.3.3	2	1
@types/connect@3.4.33	1	2
@types/eslint-visitor-keys@1.0.0	0	1
@types/events@3.0.0	0	1
@types/express-serve-static-core@4.17.2	2	3
@types/express@4.17.3	3	1
@types/glob@7.1.1	3	2
@types/http-proxy-middleware@0.19.3	3	1
@types/http-proxy@1.17.3	1	1
@types/istanbul-lib-coverage@2.0.1	0	7
@types/istanbul-lib-report@3.0.0	1	1
@types/istanbul-reports@1.1.1	2	2
@types/jest@25.1.3	2	0
@types/json-schema@7.0.4	0	1
@types/mime@2.0.1	0	1
@types/minimatch@3.0.3	0	1
@types/node@13.7.7	0	11
@types/normalize-package-data@2.4.0	0	1
@types/q@1.5.2	0	1
@types/range-parser@1.2.3	0	1
@types/serve-static@1.13.3	2	2
@types/sizzle@2.3.2	0	1
@types/source-list-map@0.1.2	0	1
@types/stack-utils@1.0.1	0	2
@types/strip-bom@3.0.0	0	1
@types/strip-json-comments@0.0.30	0	1
@types/tapable@1.0.5	0	1
@types/uglify-js@3.0.4	1	1
@types/webpack-dev-server@3.10.0	5	0
@types/webpack-sources@0.1.6	3	1
@types/webpack@4.41.7	6	1
@types/yargs-parser@15.0.0	0	2
@types/yargs@13.0.8	1	1
@types/yargs@15.0.4	1	2
@types/zen-observable@0.8.0	0	1
@typescript-eslint/eslint-plugin@1.13.0	5	0
@typescript-eslint/experimental-utils@1.13.0	3	2
@typescript-eslint/parser@1.13.0	4	0
@typescript-eslint/typescript-estree@1.13.0	2	2
@vue/babel-helper-vue-jsx-merge-props@1.0.0	0	3
@vue/babel-plugin-transform-vue-jsx@1.1.2	6	3
@vue/babel-preset-app@4.2.3	14	1
@vue/babel-preset-jsx@1.1.2	6	1
@vue/babel-sugar-functional-vue@1.1.2	1	1
@vue/babel-sugar-inject-h@1.1.2	1	1
@vue/babel-sugar-v-model@1.1.2	6	1
@vue/babel-sugar-v-on@1.1.2	3	1
@vue/component-compiler-utils@3.1.1	9	1
@vue/test-utils@1.0.0-beta.31	3	0
@vuepress/core@1.3.1	38	1
@vuepress/markdown-loader@1.3.1	3	1
@vuepress/markdown@1.3.1	7	2
@vuepress/plugin-active-header-links@1.3.1	1	1
@vuepress/plugin-last-updated@1.3.1	1	1
@vuepress/plugin-nprogress@1.3.1	1	1
@vuepress/plugin-register-components@1.3.1	1	1
@vuepress/plugin-search@1.3.1	0	1
@vuepress/shared-utils@1.3.1	9	3
@vuepress/theme-default@1.3.1	9	1
@webassemblyjs/ast@1.8.5	3	9
@webassemblyjs/floating-point-hex-parser@1.8.5	0	1
@webassemblyjs/helper-api-error@1.8.5	0	2
@webassemblyjs/helper-buffer@1.8.5	0	3
@webassemblyjs/helper-code-frame@1.8.5	1	1
@webassemblyjs/helper-fsm@1.8.5	0	1
@webassemblyjs/helper-module-context@1.8.5	2	2
@webassemblyjs/helper-wasm-bytecode@1.8.5	0	5
@webassemblyjs/helper-wasm-section@1.8.5	4	1
@webassemblyjs/ieee754@1.8.5	1	2
@webassemblyjs/leb128@1.8.5	1	2
@webassemblyjs/utf8@1.8.5	0	2
@webassemblyjs/wasm-edit@1.8.5	8	1
@webassemblyjs/wasm-gen@1.8.5	5	3
@webassemblyjs/wasm-opt@1.8.5	4	1
@webassemblyjs/wasm-parser@1.8.5	6	3
@webassemblyjs/wast-parser@1.8.5	6	2
@webassemblyjs/wast-printer@1.8.5	3	2
@wry/context@0.4.4	2	1
@wry/equality@0.1.9	1	1
@xtuc/ieee754@1.2.0	0	1
@xtuc/long@4.2.2	0	3
@zkochan/cmd-shim@3.1.0	3	1
JSONStream@1.3.5	2	2
abab@2.0.3	0	2
abbrev@1.1.1	0	3
abort-controller@3.0.0	1	1
accepts@1.3.7	2	3
acorn-globals@4.3.4	2	1
acorn-jsx@3.0.1	1	1
acorn-jsx@5.2.0	0	2
acorn-walk@6.2.0	0	2
acorn@3.3.0	0	1
acorn@5.7.3	0	1
acorn@6.4.0	0	5
acorn@7.1.1	0	1
agent-base@4.3.0	1	2
agent-base@6.0.0	1	2
agent-base@4.2.1	1	1
agentkeepalive@2.2.0	0	1
agentkeepalive@3.5.2	1	1
ajv-errors@1.0.1	0	1
ajv-keywords@2.1.1	0	1
ajv-keywords@3.4.1	0	3
ajv@5.5.2	4	2
ajv@6.12.0	4	6
algoliasearch@3.35.1	15	1
alphanum-sort@1.0.2	0	3
amdefine@1.0.1	0	1
amp-message@0.1.2	1	1
amp@0.3.1	0	2
ansi-align@2.0.0	1	1
ansi-align@3.0.0	1	1
ansi-colors@3.2.4	0	1
ansi-escapes@1.4.0	0	1
ansi-escapes@3.2.0	0	3
ansi-escapes@4.3.1	1	4
ansi-html@0.0.7	0	2
ansi-regex@2.1.1	0	2
ansi-regex@3.0.0	0	1
ansi-regex@4.1.0	0	1
ansi-regex@5.0.0	0	2
ansi-styles@2.2.1	0	2
ansi-styles@3.2.1	1	3
ansi-styles@4.2.1	2	4
any-observable@0.3.0	0	1
any-promise@1.3.0	0	2
anymatch@2.0.0	2	3
anymatch@3.1.1	2	1
apollo-cache-inmemory@1.6.5	5	0
apollo-cache@1.3.4	2	2
apollo-client@2.6.8	8	0
apollo-link-http-common@0.2.15	3	1
apollo-link-http@1.5.16	3	0
apollo-link@1.2.13	4	3
apollo-utilities@1.3.3	4	4
app-root-path@2.2.1	0	0
aproba@1.2.0	0	4
aproba@2.0.0	0	2
arch@2.1.1	0	1
are-we-there-yet@1.1.5	2	1
arg@4.1.3	0	1
argparse@1.0.10	1	3
arr-diff@4.0.0	0	2
arr-flatten@1.1.0	0	1
arr-union@3.1.0	0	2
array-differ@2.1.0	0	1
array-equal@1.0.0	0	1
array-find-index@1.0.2	0	1
array-flatten@1.1.1	0	1
array-flatten@2.1.2	0	1
array-ify@1.0.0	0	1
array-includes@3.1.1	3	1
array-union@1.0.2	1	4
array-uniq@1.0.3	0	1
array-unique@0.3.2	0	4
array.prototype.flat@1.2.3	2	1
arrify@1.0.1	0	3
arrify@2.0.1	0	2
asap@2.0.6	0	1
asn1.js@4.10.1	3	1
asn1@0.2.4	1	1
assert-plus@1.0.0	0	6
assert@1.5.0	2	1
assign-symbols@1.0.0	0	1
astral-regex@1.0.0	0	2
async-each@1.0.3	0	1
async-foreach@0.1.3	0	1
async-limiter@1.0.1	0	1
async-listener@0.6.10	2	1
async@1.5.2	0	1
async@2.6.1	1	1
async@2.6.3	1	3
async@1.0.0	0	1
asynckit@0.4.0	0	1
atob-lite@2.0.0	0	1
atob@2.1.2	0	1
autocomplete.js@0.36.0	1	1
autoprefixer@8.6.5	6	0
autoprefixer@9.7.4	7	1
aws-sign2@0.7.0	0	2
aws4@1.9.1	0	2
babel-code-frame@6.26.0	3	4
babel-core@6.26.3	19	1
babel-core@7.0.0-bridge.0	0	0
babel-eslint@9.0.0	6	0
babel-generator@6.26.1	8	1
babel-helper-bindify-decorators@6.24.1	3	1
babel-helper-builder-binary-assignment-operator-visitor@6.24.1	3	1
babel-helper-call-delegate@6.24.1	4	1
babel-helper-define-map@6.26.0	4	1
babel-helper-explode-assignable-expression@6.24.1	3	1
babel-helper-explode-class@6.24.1	4	1
babel-helper-function-name@6.24.1	5	5
babel-helper-get-function-arity@6.24.1	2	2
babel-helper-hoist-variables@6.24.1	2	2
babel-helper-optimise-call-expression@6.24.1	2	2
babel-helper-regex@6.26.0	3	2
babel-helper-remap-async-to-generator@6.24.1	5	2
babel-helper-replace-supers@6.24.1	6	2
babel-helpers@6.24.1	2	1
babel-jest@24.9.0	7	0
babel-jest@25.1.0	7	1
babel-loader@8.0.6	4	1
babel-messages@6.23.0	1	5
babel-plugin-check-es2015-constants@6.22.0	1	1
babel-plugin-dynamic-import-node@2.3.0	1	4
babel-plugin-istanbul@5.2.0	4	2
babel-plugin-istanbul@6.0.0	5	2
babel-plugin-jest-hoist@24.9.0	1	1
babel-plugin-jest-hoist@25.1.0	1	1
babel-plugin-syntax-async-functions@6.13.0	0	1
babel-plugin-syntax-async-generators@6.13.0	0	1
babel-plugin-syntax-class-properties@6.13.0	0	1
babel-plugin-syntax-decorators@6.13.0	0	1
babel-plugin-syntax-dynamic-import@6.18.0	0	1
babel-plugin-syntax-exponentiation-operator@6.13.0	0	1
babel-plugin-syntax-object-rest-spread@6.13.0	0	1
babel-plugin-syntax-trailing-function-commas@6.22.0	0	2
babel-plugin-transform-async-generator-functions@6.24.1	3	1
babel-plugin-transform-async-to-generator@6.24.1	3	2
babel-plugin-transform-class-properties@6.24.1	4	1
babel-plugin-transform-decorators@6.24.1	5	1
babel-plugin-transform-es2015-arrow-functions@6.22.0	1	1
babel-plugin-transform-es2015-block-scoped-functions@6.22.0	1	1
babel-plugin-transform-es2015-block-scoping@6.26.0	5	1
babel-plugin-transform-es2015-classes@6.24.1	9	1
babel-plugin-transform-es2015-computed-properties@6.24.1	2	1
babel-plugin-transform-es2015-destructuring@6.23.0	1	1
babel-plugin-transform-es2015-duplicate-keys@6.24.1	2	1
babel-plugin-transform-es2015-for-of@6.23.0	1	1
babel-plugin-transform-es2015-function-name@6.24.1	3	1
babel-plugin-transform-es2015-literals@6.22.0	1	1
babel-plugin-transform-es2015-modules-amd@6.24.1	3	2
babel-plugin-transform-es2015-modules-commonjs@6.26.2	4	3
babel-plugin-transform-es2015-modules-systemjs@6.24.1	3	1
babel-plugin-transform-es2015-modules-umd@6.24.1	3	1
babel-plugin-transform-es2015-object-super@6.24.1	2	1
babel-plugin-transform-es2015-parameters@6.24.1	6	1
babel-plugin-transform-es2015-shorthand-properties@6.24.1	2	1
babel-plugin-transform-es2015-spread@6.22.0	1	1
babel-plugin-transform-es2015-sticky-regex@6.24.1	3	1
babel-plugin-transform-es2015-template-literals@6.22.0	1	1
babel-plugin-transform-es2015-typeof-symbol@6.23.0	1	1
babel-plugin-transform-es2015-unicode-regex@6.24.1	3	1
babel-plugin-transform-exponentiation-operator@6.24.1	3	2
babel-plugin-transform-object-rest-spread@6.26.0	2	1
babel-plugin-transform-regenerator@6.26.0	1	1
babel-plugin-transform-strict-mode@6.24.1	2	1
babel-preset-env@1.7.0	30	0
babel-preset-jest@24.9.0	2	1
babel-preset-jest@25.1.0	3	1
babel-preset-stage-2@6.24.1	4	0
babel-preset-stage-3@6.24.1	5	1
babel-register@6.26.0	7	1
babel-runtime@6.26.0	2	52
babel-template@6.26.0	5	15
babel-traverse@6.26.0	9	12
babel-types@6.26.0	4	28
babylon@6.18.0	0	3
balanced-match@1.0.0	0	1
base64-js@1.3.1	0	2
base@0.11.2	7	1
batch@0.6.1	0	1
bcrypt-pbkdf@1.0.2	1	1
before-after-hook@2.1.0	0	1
bfj@6.1.2	4	1
big.js@3.2.0	0	1
big.js@5.2.2	0	2
bignumber.js@7.2.1	0	1
binary-extensions@1.13.1	0	1
bindings@1.5.0	1	1
blessed@0.1.81	0	1
block-stream@0.0.9	1	1
bluebird@3.5.0	0	1
bluebird@3.7.2	0	5
bn.js@4.11.8	0	8
body-parser@1.19.0	10	1
body-scroll-lock@2.6.4	0	0
bodybuilder@2.2.21	1	0
bonjour@3.5.0	6	1
boolbase@1.0.0	0	3
boxen@1.3.0	7	1
boxen@4.2.0	8	1
brace-expansion@1.1.11	2	1
braces@2.3.2	10	2
braces@3.0.2	1	1
brorand@1.1.0	0	2
browser-process-hrtime@0.1.3	0	1
browser-resolve@1.11.3	1	1
browserify-aes@1.2.0	6	2
browserify-cipher@1.0.1	3	1
browserify-des@1.0.2	4	1
browserify-rsa@4.0.1	2	2
browserify-sign@4.0.4	7	1
browserify-zlib@0.2.0	1	1
browserslist@3.2.8	2	2
browserslist@4.9.1	3	12
bs-logger@0.2.6	1	1
bser@2.1.1	1	1
btoa-lite@1.0.0	0	1
buffer-crc32@0.2.13	0	1
buffer-equal-constant-time@1.0.1	0	1
buffer-from@1.1.1	0	4
buffer-indexof@1.1.1	0	1
buffer-json@2.0.0	0	1
buffer-xor@1.0.3	0	1
buffer@4.9.2	3	1
builtin-modules@3.1.0	0	1
builtin-status-codes@3.0.0	0	1
builtins@1.0.3	0	1
byline@5.0.0	0	1
byte-size@5.0.1	0	1
bytes@3.0.0	0	1
bytes@3.1.0	0	2
cac@6.5.6	0	1
cacache@12.0.3	15	4
cache-base@1.0.1	9	1
cache-loader@3.0.1	6	1
cacheable-request@6.1.0	7	1
cachedir@1.3.0	1	1
call-me-maybe@1.0.1	0	1
caller-callsite@2.0.0	1	1
caller-path@0.1.0	1	1
caller-path@2.0.0	1	1
callsites@0.2.0	0	1
callsites@2.0.0	0	1
callsites@3.1.0	0	4
camel-case@3.0.0	2	2
camelcase-keys@2.1.0	2	1
camelcase-keys@4.2.0	3	2
camelcase@2.1.1	0	1
camelcase@3.0.0	0	2
camelcase@4.1.0	0	3
camelcase@5.3.1	0	11
caniuse-api@3.0.0	4	2
caniuse-lite@1.0.30001031	0	5
capture-exit@2.0.0	1	1
capture-stack-trace@1.0.1	0	1
case-sensitive-paths-webpack-plugin@2.3.0	0	0
caseless@0.12.0	0	2
chalk@1.1.1	5	1
chalk@2.4.2	3	35
chalk@1.1.3	5	13
chalk@3.0.0	2	22
chardet@0.4.2	0	1
chardet@0.7.0	0	1
charm@0.1.2	0	1
check-more-types@2.24.0	0	1
check-types@8.0.3	0	1
chokidar@2.1.8	11	4
chownr@1.1.4	0	3
chrome-trace-event@1.0.2	1	1
ci-info@1.6.0	0	2
ci-info@2.0.0	0	1
cipher-base@1.0.4	2	4
circular-json@0.3.3	0	1
class-utils@0.3.6	4	1
clean-css@4.2.3	1	2
cli-boxes@1.0.0	0	1
cli-boxes@2.2.0	0	1
cli-cursor@1.0.2	1	4
cli-cursor@2.1.0	1	4
cli-spinners@0.1.2	0	1
cli-table-redemption@1.0.1	1	1
cli-truncate@0.2.1	2	3
cli-width@2.2.0	0	2
clipboard@2.0.5	3	0
cliui@3.2.0	3	1
cliui@4.1.0	3	1
cliui@5.0.0	3	2
cliui@6.0.0	3	1
clone-deep@4.0.1	3	2
clone-response@1.0.2	1	1
clone@2.1.2	0	1
clone@1.0.4	0	1
cluster-key-slot@1.1.0	0	1
co@4.6.0	0	2
coa@2.0.2	3	1
coalescy@1.0.0	0	1
code-point-at@1.1.0	0	1
collect-v8-coverage@1.0.0	0	3
collection-visit@1.0.0	2	1
color-convert@1.9.3	1	2
color-convert@2.0.1	1	1
color-name@1.1.3	0	1
color-name@1.1.4	0	2
color-string@1.5.3	2	1
color@3.1.2	2	1
colors@1.0.3	0	1
columnify@1.5.4	2	2
combined-stream@1.0.8	1	3
command-exists@1.2.8	0	0
commander@2.20.3	0	8
commander@2.13.0	0	2
commander@2.15.1	0	1
commander@2.17.1	0	1
commander@2.19.0	0	1
common-tags@1.8.0	0	1
commondir@1.0.1	0	2
compare-func@1.3.2	2	2
component-emitter@1.3.0	0	2
compressible@2.0.18	1	1
compression@1.7.4	7	1
concat-map@0.0.1	0	1
concat-stream@1.6.2	4	3
concat-stream@2.0.0	4	1
condense-newlines@0.2.1	3	1
config-chain@1.1.12	2	2
config@1.31.0	1	0
configstore@3.1.2	6	1
configstore@5.0.1	6	1
connect-history-api-fallback@1.6.0	0	2
consola@2.11.3	0	1
console-browserify@1.2.0	0	1
console-control-strings@1.1.0	0	2
console-log-level@1.4.1	0	1
consolidate@0.15.1	1	1
constants-browserify@1.0.0	0	1
contains-path@0.1.0	0	1
content-disposition@0.5.3	1	1
content-type@1.0.4	0	2
continuation-local-storage@3.2.1	2	3
conventional-changelog-angular@5.0.6	2	1
conventional-changelog-core@3.2.3	13	1
conventional-changelog-preset-loader@2.3.0	0	1
conventional-changelog-writer@4.0.11	10	1
conventional-commits-filter@2.0.2	2	2
conventional-commits-parser@3.0.8	7	2
conventional-recommended-bump@5.0.1	8	1
convert-source-map@1.7.0	1	5
cookie-signature@1.0.6	0	1
cookie@0.4.0	0	1
copy-concurrently@1.0.5	6	1
copy-descriptor@0.1.1	0	1
copy-webpack-plugin@5.1.1	12	1
core-js-compat@3.6.4	2	2
core-js@2.6.11	0	3
core-js@3.6.4	0	2
core-util-is@1.0.2	0	2
cosmiconfig@5.2.1	4	5
create-ecdh@4.0.3	2	1
create-error-class@3.0.2	1	1
create-hash@1.2.0	5	7
create-hmac@1.1.7	6	3
cron@1.8.2	1	1
cross-env@3.2.4	2	0
cross-fetch@3.0.4	2	1
cross-spawn@6.0.5	5	6
cross-spawn@3.0.1	2	1
cross-spawn@5.1.0	3	3
cross-spawn@7.0.1	3	1
crypto-browserify@3.12.0	11	1
crypto-js@3.1.8	0	1
crypto-random-string@1.0.0	0	1
crypto-random-string@2.0.0	0	1
css-color-names@0.0.4	0	2
css-declaration-sorter@4.0.1	2	1
css-loader@1.0.1	12	0
css-loader@2.1.1	11	1
css-parse@2.0.0	1	1
css-select-base-adapter@0.1.1	0	1
css-select@1.2.0	4	1
css-select@2.1.0	4	1
css-selector-tokenizer@0.7.2	3	3
css-tree@1.0.0-alpha.37	2	2
css-what@2.1.3	0	1
css-what@3.2.1	0	1
css@2.2.4	4	2
cssesc@3.0.0	0	2
cssnano-preset-default@4.0.7	30	1
cssnano-util-get-arguments@4.0.0	0	5
cssnano-util-get-match@4.0.0	0	4
cssnano-util-raw-cache@4.0.1	1	1
cssnano-util-same-parent@4.0.1	0	1
cssnano@4.1.10	4	1
csso@4.0.2	1	1
cssom@0.4.4	0	1
cssom@0.3.8	0	1
cssstyle@2.2.0	1	1
currently-unhandled@0.4.1	1	1
cycle@1.0.3	0	1
cyclist@1.0.1	0	1
cypress@3.8.3	33	0
d3-dsv@1.2.0	3	0
dargs@4.1.0	1	1
dashdash@1.14.1	1	1
data-urls@1.1.0	3	1
date-fns@1.30.1	0	3
dateformat@3.0.3	0	2
dayjs@1.8.21	0	0
de-indent@1.0.2	0	1
debug@2.6.9	1	16
debug@3.1.0	1	2
debug@3.2.6	1	14
debug@4.1.1	1	15
debuglog@1.0.1	0	1
decamelize-keys@1.1.0	2	2
decamelize@1.2.0	0	10
decode-uri-component@0.2.0	0	3
decompress-response@3.3.0	1	1
dedent@0.7.0	0	10
deep-equal@1.1.1	6	1
deep-extend@0.6.0	0	1
deep-is@0.1.3	0	1
deep-metrics@0.0.1	1	1
deepmerge@1.5.2	0	2
deepmerge@4.2.2	0	1
default-gateway@4.2.0	2	1
defaults@1.0.3	1	1
defer-to-connect@1.1.3	0	1
define-properties@1.1.3	1	10
define-property@0.2.5	1	5
define-property@1.0.0	1	3
define-property@2.0.2	2	3
del@3.0.0	6	2
del@4.1.1	7	1
delayed-stream@1.0.0	0	1
delegate@3.2.0	0	1
delegates@1.0.0	0	1
denque@1.4.1	0	1
depd@1.1.2	0	6
deprecation@2.3.1	0	4
des.js@1.0.1	2	1
destroy@1.0.4	0	1
detect-file@1.0.0	0	1
detect-indent@4.0.0	1	1
detect-indent@5.0.0	0	2
detect-installed@2.0.4	1	0
detect-newline@3.1.0	0	1
detect-node@2.0.4	0	1
dezalgo@1.0.3	2	1
diacritics@1.3.0	0	1
diff-sequences@25.1.0	0	1
diff2html@2.12.2	4	0
diff@4.0.2	0	2
diffie-hellman@5.0.3	3	1
dir-glob@2.2.2	1	2
dns-equal@1.0.0	0	1
dns-packet@1.3.1	2	1
dns-txt@2.0.2	1	1
docsearch.js@2.6.3	7	1
doctrine@1.5.0	2	1
doctrine@2.1.0	1	1
doctrine@3.0.0	1	1
dom-converter@0.2.0	1	1
dom-event-types@1.0.0	0	1
dom-serializer@0.2.2	2	2
dom-urls@1.1.0	1	1
dom-walk@0.1.1	0	1
domain-browser@1.2.0	0	1
domelementtype@1.3.1	0	4
domelementtype@2.0.1	0	1
domexception@1.0.1	1	2
domhandler@2.4.2	1	1
domutils@1.5.1	2	1
domutils@1.7.0	2	2
dot-prop@3.0.0	1	1
dot-prop@4.2.0	1	2
dot-prop@5.2.0	1	2
duplexer3@0.1.4	0	2
duplexer@0.1.1	0	2
duplexify@3.7.1	4	3
ecc-jsbn@0.1.2	2	1
ecdsa-sig-formatter@1.0.11	1	2
editorconfig@0.15.3	4	1
ee-first@1.1.1	0	1
ejs@2.7.4	0	1
electron-to-chromium@1.3.367	0	2
elegant-spinner@1.0.1	0	2
elliptic@6.5.2	7	2
emitter-listener@1.1.2	1	1
emoji-regex@7.0.3	0	1
emoji-regex@8.0.0	0	1
emojis-list@2.1.0	0	2
emojis-list@3.0.0	0	1
empty-dir@1.0.0	0	0
encodeurl@1.0.2	0	4
encoding@0.1.12	1	2
end-of-stream@1.4.4	1	5
enhanced-resolve@4.1.0	3	1
enhanced-resolve@4.1.1	3	2
ent@2.2.0	0	1
entities@1.1.2	0	2
entities@2.0.0	0	1
env-paths@2.2.0	0	1
envify@4.1.0	2	1
envinfo@7.5.0	0	2
err-code@1.1.2	0	1
errno@0.1.7	1	3
error-ex@1.3.2	1	3
es-abstract@1.17.4	11	6
es-to-primitive@1.2.1	3	1
es6-promise@4.2.8	0	4
es6-promisify@5.0.0	1	2
escape-goat@2.1.1	0	1
escape-html@1.0.3	0	6
escape-regexp@0.0.1	0	1
escape-string-regexp@1.0.5	0	7
escodegen@1.14.1	4	1
eslint-config-standard@11.0.0	0	0
eslint-friendly-formatter@4.0.1	6	0
eslint-import-resolver-node@0.3.3	2	1
eslint-loader@2.2.1	5	0
eslint-module-utils@2.5.2	2	1
eslint-plugin-import@2.20.1	12	0
eslint-plugin-node@6.0.1	4	0
eslint-plugin-promise@3.8.0	0	0
eslint-plugin-standard@3.1.0	0	0
eslint-plugin-vue-storefront@0.0.1	1	0
eslint-plugin-vue@4.7.1	1	0
eslint-plugin-vue@5.2.3	1	0
eslint-scope@3.7.1	2	1
eslint-scope@3.7.3	2	2
eslint-scope@4.0.3	2	4
eslint-utils@1.4.3	1	2
eslint-visitor-keys@1.1.0	0	9
eslint@4.19.1	38	0
eslint@5.16.0	36	0
espree@3.5.4	2	2
espree@4.1.0	3	1
espree@5.0.1	3	1
esprima@4.0.1	0	3
esquery@1.1.0	1	4
esrecurse@4.2.1	1	3
estraverse@4.3.0	0	6
esutils@2.0.3	0	10
etag@1.8.1	0	2
event-target-shim@5.0.1	0	1
eventemitter2@1.0.5	0	1
eventemitter2@4.1.2	0	1
eventemitter2@0.4.14	0	1
eventemitter3@3.1.2	0	1
eventemitter3@4.0.0	0	1
events@1.1.1	0	1
events@3.1.0	0	1
eventsource@1.0.7	1	1
evp_bytestokey@1.0.3	2	3
exec-sh@0.3.4	0	2
execa@0.10.0	7	1
execa@0.7.0	7	1
execa@1.0.0	7	8
execa@3.4.0	10	1
executable@4.1.1	1	1
exit-hook@1.1.1	0	1
exit@0.1.2	0	5
expand-brackets@2.1.4	7	1
expand-tilde@2.0.2	1	2
expect@25.1.0	6	2
express@4.17.1	30	2
extend-shallow@2.0.1	1	9
extend-shallow@3.0.2	2	5
extend@3.0.2	0	7
external-editor@2.2.0	3	1
external-editor@3.1.0	3	1
extglob@2.0.4	8	1
extract-from-css@0.4.4	1	1
extract-zip@1.6.7	4	2
extsprintf@1.3.0	0	1
extsprintf@1.4.0	0	1
eyes@0.1.8	0	1
fast-deep-equal@1.1.0	0	1
fast-deep-equal@3.1.1	0	1
fast-glob@2.2.7	6	1
fast-json-stable-stringify@2.1.0	0	7
fast-levenshtein@2.0.6	0	1
fast-text-encoding@1.0.0	0	1
fastparse@1.1.2	0	1
faye-websocket@0.10.0	1	1
faye-websocket@0.11.3	1	1
fb-watchman@2.0.1	1	3
fclone@1.0.11	0	1
fd-slicer@1.0.1	1	1
fd-slicer@1.1.0	1	1
figgy-pudding@3.5.1	0	18
figures@1.7.0	2	5
figures@2.0.0	1	3
figures@3.2.0	1	1
file-entry-cache@2.0.0	2	1
file-entry-cache@5.0.1	1	1
file-loader@1.1.11	2	0
file-loader@3.0.1	2	1
file-uri-to-path@1.0.0	0	1
filesize@3.6.1	0	1
fill-range@4.0.0	4	1
fill-range@7.0.1	1	1
finalhandler@1.1.2	7	1
find-babel-config@1.2.0	2	1
find-cache-dir@0.1.1	3	1
find-cache-dir@2.1.0	3	4
find-up@1.1.2	2	2
find-up@2.1.0	1	3
find-up@3.0.0	1	7
find-up@4.1.0	2	3
findup-sync@3.0.0	4	1
flat-cache@1.3.4	4	1
flat-cache@2.0.1	3	1
flatted@2.0.1	0	1
flush-write-stream@1.1.1	2	1
fn-name@2.0.1	0	1
follow-redirects@1.10.0	1	1
for-in@1.0.2	0	1
foreach@2.0.5	0	1
forever-agent@0.6.1	0	2
form-data@2.3.3	3	2
forwarded@0.1.2	0	1
fragment-cache@0.2.1	1	3
fresh@0.5.2	0	2
from2@2.3.0	2	1
fs-exists-sync@0.1.0	0	0
fs-extra@5.0.0	3	1
fs-extra@1.0.0	3	1
fs-extra@7.0.1	3	1
fs-extra@8.1.0	3	13
fs-minipass@1.2.7	1	1
fs-write-stream-atomic@1.0.10	4	2
fs.realpath@1.0.0	0	1
fsevents@1.2.11	2	0
fsevents@2.1.2	0	0
fstream@1.0.12	4	2
function-bind@1.1.1	0	6
functional-red-black-tree@1.0.1	0	3
g-status@2.0.2	3	1
gauge@2.7.4	8	1
gaxios@2.3.2	5	3
gaze@1.1.3	1	1
gcp-metadata@3.5.0	2	2
genfun@5.0.0	0	1
gensync@1.0.0-beta.1	0	1
get-caller-file@1.0.3	0	2
get-caller-file@2.0.5	0	3
get-installed-path@2.1.1	1	1
get-own-enumerable-property-symbols@3.0.2	0	1
get-pkg-repo@1.4.0	5	1
get-port@4.2.0	0	1
get-stdin@4.0.1	0	2
get-stdin@7.0.0	0	1
get-stream@3.0.0	0	3
get-stream@4.1.0	1	6
get-stream@5.1.0	1	2
get-value@2.0.6	0	4
getos@3.1.1	1	1
getpass@0.1.7	1	1
git-raw-commits@2.0.0	5	2
git-remote-origin-url@2.0.0	2	1
git-semver-tags@2.0.3	2	2
git-up@4.0.1	2	1
git-url-parse@11.1.2	1	1
gitconfiglocal@1.0.0	1	1
gkt@1.0.0	0	0
glob-parent@3.1.0	2	3
glob-parent@5.1.0	1	1
glob-to-regexp@0.3.0	0	1
glob@7.1.6	6	30
global-dirs@0.1.1	1	1
global-dirs@2.0.1	1	1
global-modules@1.0.0	3	2
global-modules@2.0.0	1	1
global-prefix@1.0.2	5	1
global-prefix@3.0.0	3	1
global@4.4.0	2	2
globals@11.12.0	0	4
globals@9.18.0	0	1
globby@6.1.0	5	2
globby@7.1.1	6	1
globby@9.2.0	8	3
globule@1.3.1	3	1
good-listener@1.2.2	1	1
google-auth-library@5.10.1	9	1
google-p12-pem@2.0.4	1	1
got@6.7.1	11	1
got@9.6.0	11	1
graceful-fs@4.2.3	0	39
graphql-tag@2.10.3	0	0
graphql@0.13.2	1	0
gray-matter@4.0.2	4	1
growly@1.3.0	0	1
gtoken@4.1.4	4	1
gzip-size@5.1.1	2	1
handle-thing@2.0.0	0	1
handlebars@4.7.3	3	1
har-schema@2.0.0	0	1
har-validator@5.1.3	2	2
has-ansi@2.0.0	1	2
has-flag@3.0.0	0	2
has-flag@4.0.0	0	2
has-symbols@1.0.1	0	4
has-unicode@2.0.1	0	2
has-value@0.3.1	3	1
has-value@1.0.0	3	1
has-values@0.1.4	0	1
has-values@1.0.0	2	1
has-yarn@2.1.0	0	1
has@1.0.3	1	10
hash-base@3.0.4	2	2
hash-sum@1.0.2	0	6
hash.js@1.1.7	2	2
hasha@2.2.0	2	1
he@1.2.0	0	4
hex-color-regex@1.1.0	0	1
hex2dec@1.1.2	0	2
hmac-drbg@1.0.1	3	1
hogan.js@3.0.2	2	2
home-or-tmp@2.0.0	2	1
homedir-polyfill@1.0.3	1	2
hoopy@0.1.4	0	1
hosted-git-info@2.8.8	0	3
hpack.js@2.1.6	4	1
hsl-regex@1.0.0	0	1
hsla-regex@1.0.0	0	1
html-comment-regex@1.1.2	0	1
html-encoding-sniffer@1.0.2	1	1
html-entities@1.2.1	0	2
html-escaper@2.0.0	0	1
html-minifier@3.5.21	7	2
html-minifier@4.0.0	7	0
html-tags@2.0.0	0	2
html-webpack-plugin@3.2.0	7	0
htmlparser2@3.10.1	6	1
http-cache-semantics@3.8.1	0	1
http-cache-semantics@4.1.0	0	1
http-deceiver@1.2.7	0	1
http-errors@1.7.2	5	2
http-errors@1.6.3	4	1
http-errors@1.7.3	5	1
http-parser-js@0.4.10	0	1
http-proxy-agent@2.1.0	2	1
http-proxy-agent@4.0.1	3	1
http-proxy-middleware@0.19.1	4	1
http-proxy@1.18.0	3	1
http-signature@1.2.0	3	2
https-browserify@1.0.0	0	1
https-proxy-agent@2.2.4	2	1
https-proxy-agent@5.0.0	2	2
human-signals@1.1.1	0	1
humanize-ms@1.2.1	1	1
humps@1.1.0	0	1
husky@2.7.0	10	0
iconv-lite@0.4.24	1	8
icss-replace-symbols@1.1.0	0	2
icss-utils@2.1.0	1	1
icss-utils@4.1.1	1	1
ieee754@1.1.13	0	1
iferr@0.1.5	0	2
ignore-walk@3.0.3	1	1
ignore@3.3.10	0	3
ignore@4.0.6	0	2
immediate@3.2.3	0	1
immediate@3.0.6	0	1
import-cwd@2.1.0	1	1
import-fresh@2.0.0	2	1
import-fresh@3.2.1	2	1
import-from@2.1.0	1	1
import-lazy@2.1.0	0	2
import-local@2.0.0	2	3
import-local@3.0.2	2	2
imurmurhash@0.1.4	0	7
in-publish@2.0.0	0	1
indent-string@2.1.0	1	2
indent-string@3.2.0	0	3
indexes-of@1.0.1	0	2
infer-owner@1.0.4	0	2
inflight@1.0.6	2	1
inherits@2.0.4	0	37
inherits@2.0.1	0	1
inherits@2.0.3	0	3
ini@1.3.5	0	7
init-package-json@1.10.3	8	1
inquirer@3.3.0	14	1
inquirer@6.5.2	13	2
internal-ip@4.3.0	2	1
interpret@1.2.0	0	3
intl-locales-supported@1.8.4	0	0
intl@1.2.5	0	0
invariant@2.2.4	1	6
invert-kv@1.0.0	0	1
invert-kv@2.0.0	0	1
ioredis@4.16.0	9	1
ip-regex@2.1.0	0	2
ip@1.1.5	0	3
ipaddr.js@1.9.1	0	2
is-absolute-url@2.1.0	0	1
is-absolute-url@3.0.3	0	1
is-accessor-descriptor@0.1.6	1	1
is-accessor-descriptor@1.0.0	1	1
is-arguments@1.0.4	0	1
is-arrayish@0.2.1	0	1
is-arrayish@0.3.2	0	1
is-binary-path@1.0.1	1	1
is-buffer@1.1.6	0	2
is-callable@1.1.5	0	2
is-ci@1.2.1	1	2
is-ci@2.0.0	1	6
is-color-stop@1.1.0	6	1
is-data-descriptor@0.1.4	1	1
is-data-descriptor@1.0.0	1	1
is-date-object@1.0.2	0	2
is-descriptor@0.1.6	3	1
is-descriptor@1.0.2	3	2
is-directory@0.3.1	0	1
is-extendable@0.1.1	0	3
is-extendable@1.0.1	1	2
is-extglob@2.1.1	0	2
is-finite@1.1.0	0	1
is-fullwidth-code-point@1.0.0	1	1
is-fullwidth-code-point@2.0.0	0	4
is-fullwidth-code-point@3.0.0	0	1
is-generator-fn@2.1.0	0	1
is-glob@3.1.0	1	1
is-glob@4.0.1	1	7
is-installed-globally@0.1.0	2	2
is-installed-globally@0.3.1	2	1
is-npm@1.0.0	0	1
is-npm@4.0.0	0	1
is-number@3.0.0	1	3
is-number@7.0.0	0	1
is-obj@1.0.1	0	3
is-obj@2.0.0	0	1
is-observable@1.1.0	1	1
is-path-cwd@1.0.0	0	1
is-path-cwd@2.2.0	0	1
is-path-in-cwd@1.0.1	1	1
is-path-in-cwd@2.1.0	1	1
is-path-inside@1.0.1	1	2
is-path-inside@2.1.0	1	1
is-path-inside@3.0.2	0	1
is-plain-obj@1.1.0	0	2
is-plain-object@2.0.4	1	3
is-plain-object@3.0.0	1	2
is-promise@2.1.0	0	3
is-redirect@1.0.0	0	1
is-regex@1.0.5	1	2
is-regexp@1.0.0	0	1
is-resolvable@1.1.0	0	2
is-retry-allowed@1.2.0	0	1
is-ssh@1.3.1	1	3
is-stream@1.1.0	0	9
is-stream@2.0.0	0	2
is-string@1.0.5	0	1
is-svg@3.0.0	1	1
is-symbol@1.0.3	1	1
is-text-path@1.0.1	1	1
is-typedarray@1.0.0	0	4
is-utf8@0.2.1	0	1
is-whitespace@0.3.0	0	1
is-windows@1.0.2	0	6
is-wsl@1.1.0	0	2
is-wsl@2.1.1	0	1
is-yarn-global@0.3.0	0	1
is@3.3.0	0	2
isarray@0.0.1	0	1
isarray@1.0.0	0	4
isarray@2.0.5	0	1
isexe@2.0.0	0	2
isobject@2.1.0	1	1
isobject@3.0.1	0	11
isobject@4.0.0	0	1
isomorphic-fetch@2.2.1	2	0
isstream@0.1.2	0	3
istanbul-lib-coverage@2.0.5	0	1
istanbul-lib-coverage@3.0.0	0	4
istanbul-lib-instrument@3.3.0	7	1
istanbul-lib-instrument@4.0.1	7	2
istanbul-lib-report@3.0.0	3	2
istanbul-lib-source-maps@4.0.0	3	1
istanbul-reports@3.0.0	2	1
iterall@1.3.0	0	1
javascript-stringify@1.6.0	0	1
javascript-stringify@2.0.1	0	1
jest-changed-files@25.1.0	3	1
jest-cli@25.1.0	13	1
jest-config@25.1.0	17	4
jest-diff@25.1.0	4	3
jest-docblock@25.1.0	1	1
jest-each@25.1.0	5	1
jest-environment-jsdom@25.1.0	6	1
jest-environment-node@25.1.0	5	1
jest-fetch-mock@3.0.1	2	0
jest-get-type@25.1.0	0	8
jest-haste-map@24.9.0	11	1
jest-haste-map@25.1.0	10	6
jest-jasmine2@25.1.0	17	2
jest-leak-detector@25.1.0	2	1
jest-matcher-utils@25.1.0	4	3
jest-message-util@24.9.0	8	1
jest-message-util@25.1.0	8	7
jest-mock@24.9.0	1	1
jest-mock@25.1.0	1	5
jest-pnp-resolver@1.2.1	0	1
jest-regex-util@24.9.0	0	1
jest-regex-util@25.1.0	0	6
jest-resolve-dependencies@25.1.0	3	1
jest-resolve@25.1.0	5	6
jest-runner@25.1.0	19	2
jest-runtime@25.1.0	25	5
jest-serializer-vue@2.0.2	1	0
jest-serializer@24.9.0	0	1
jest-serializer@25.1.0	0	1
jest-snapshot@25.1.0	13	4
jest-util@24.9.0	12	2
jest-util@25.1.0	4	15
jest-validate@25.1.0	6	4
jest-watcher@25.1.0	6	1
jest-worker@24.9.0	2	1
jest-worker@25.1.0	2	3
jest@25.1.0	3	0
js-base64@2.5.2	0	1
js-beautify@1.10.3	5	2
js-sha3@0.8.0	0	0
js-tokens@4.0.0	0	2
js-tokens@3.0.2	0	1
js-yaml@3.13.1	2	7
jsbn@0.1.1	0	2
jsdom@15.2.1	26	1
jsesc@1.3.0	0	1
jsesc@2.5.2	0	1
jsesc@0.5.0	0	2
json-bigint@0.3.0	1	1
json-buffer@3.0.0	0	1
json-parse-better-errors@1.0.2	0	5
json-schema-traverse@0.3.1	0	1
json-schema-traverse@0.4.1	0	1
json-schema@0.2.3	0	1
json-stable-stringify-without-jsonify@1.0.1	0	2
json-stringify-safe@5.0.1	0	4
json3@3.3.3	0	1
json5@2.1.1	1	2
json5@0.5.1	0	3
json5@1.0.1	1	3
jsonfile@2.4.0	0	1
jsonfile@4.0.0	0	3
jsonparse@1.3.1	0	1
jsprim@1.4.1	4	1
jwa@2.0.0	3	1
jws@4.0.0	2	2
kew@0.7.0	0	1
keyv@3.1.0	1	1
killable@1.0.1	0	1
kind-of@3.2.2	1	7
kind-of@4.0.0	1	1
kind-of@5.1.0	0	1
kind-of@6.0.3	0	10
klaw@1.3.1	0	1
kleur@3.0.3	0	1
last-call-webpack-plugin@3.0.0	2	1
latest-version@3.1.0	1	1
latest-version@5.1.0	1	1
lazy-ass@1.6.0	0	1
lazy@1.0.11	0	1
lcid@1.0.0	1	1
lcid@2.0.0	1	1
lean-he@2.1.2	0	0
lerna@3.20.2	18	0
leven@3.1.0	0	2
levenary@1.1.1	1	2
levn@0.3.0	2	3
lie@3.1.1	1	1
lines-and-columns@1.1.6	0	1
linkify-it@2.2.0	1	1
lint-staged@8.2.1	24	0
listr-silent-renderer@1.1.1	0	2
listr-update-renderer@0.2.0	8	1
listr-update-renderer@0.5.0	8	2
listr-verbose-renderer@0.4.1	4	1
listr-verbose-renderer@0.5.0	4	1
listr@0.12.0	16	1
listr@0.14.3	9	1
load-json-file@1.1.0	5	1
load-json-file@2.0.0	4	1
load-json-file@4.0.0	4	1
load-json-file@5.3.0	5	3
load-script@1.0.0	0	1
loader-fs-cache@1.0.2	2	1
loader-runner@2.4.0	0	1
loader-utils@1.2.3	3	1
loader-utils@0.2.17	4	2
loader-utils@1.4.0	3	19
localforage@1.7.3	1	0
locate-path@2.0.0	2	1
locate-path@3.0.0	2	1
locate-path@5.0.0	1	1
lodash-es@4.17.15	0	0
lodash._reinterpolate@3.0.0	0	2
lodash.clonedeep@4.5.0	0	2
lodash.debounce@4.0.8	0	1
lodash.defaults@4.2.0	0	2
lodash.findindex@4.6.0	0	1
lodash.flatten@4.4.0	0	1
lodash.get@4.4.2	0	1
lodash.isequal@4.5.0	0	1
lodash.ismatch@4.4.0	0	1
lodash.kebabcase@4.1.1	0	1
lodash.memoize@4.1.2	0	2
lodash.merge@4.6.2	0	1
lodash.once@4.1.1	0	1
lodash.set@4.3.2	0	1
lodash.sortby@4.7.0	0	1
lodash.template@4.5.0	2	4
lodash.templatesettings@4.2.0	1	1
lodash.unescape@4.0.1	0	1
lodash.uniq@4.5.0	0	3
lodash@4.17.15	0	48
log-driver@1.2.7	0	1
log-symbols@2.2.0	1	2
log-symbols@1.0.2	1	3
log-update@1.0.2	2	2
log-update@2.3.0	3	1
loglevel@1.6.7	0	1
lolex@5.1.2	1	1
loose-envify@1.4.0	1	1
loud-rejection@1.6.0	2	3
lower-case@1.1.4	0	1
lowercase-keys@1.0.1	0	3
lowercase-keys@2.0.0	0	1
lru-cache@4.1.5	2	4
lru-cache@5.1.1	1	7
macos-release@2.3.0	0	1
magento2-rest-client@0.0.12	4	0
make-dir@1.3.0	1	3
make-dir@2.1.0	2	2
make-dir@3.0.2	1	2
make-error@1.3.6	0	2
make-fetch-happen@5.0.2	11	2
makeerror@1.0.11	1	1
mamacro@0.0.3	0	1
map-age-cleaner@0.1.3	1	1
map-cache@0.2.2	0	2
map-obj@1.0.1	0	3
map-obj@2.0.0	0	1
map-visit@1.0.0	1	1
markdown-it-anchor@5.2.5	0	1
markdown-it-chain@1.3.0	1	1
markdown-it-container@2.0.0	0	1
markdown-it-emoji@1.4.0	0	1
markdown-it-table-of-contents@0.4.4	0	1
markdown-it@8.4.2	5	1
matcher@1.1.1	1	1
md5.js@1.3.5	3	2
mdn-data@2.0.4	0	1
mdurl@1.0.1	0	1
media-typer@0.3.0	0	1
mem@4.3.0	3	1
memory-fs@0.4.1	2	3
memory-fs@0.5.0	2	1
meow@3.7.0	10	3
meow@4.0.1	9	3
meow@5.0.0	9	2
merge-descriptors@1.0.1	0	1
merge-source-map@1.1.0	1	1
merge-stream@2.0.0	0	3
merge2@1.3.0	0	1
merge@1.2.1	0	1
methods@1.1.2	0	3
micromatch@3.1.10	13	12
micromatch@4.0.2	2	5
miller-rabin@4.0.1	2	1
mime-db@1.43.0	0	2
mime-types@2.1.26	1	6
mime@1.6.0	0	1
mime@2.4.4	0	3
mimic-fn@1.2.0	0	1
mimic-fn@2.1.0	0	2
mimic-response@1.0.1	0	3
min-document@2.19.0	1	1
mini-css-extract-plugin@0.6.0	4	1
minimalistic-assert@1.0.1	0	6
minimalistic-crypto-utils@1.0.1	0	2
minimatch@3.0.4	1	15
minimist-options@3.0.2	2	2
minimist@0.0.8	0	1
minimist@1.2.0	0	10
minimist@0.0.10	0	1
minipass@2.9.0	2	4
minizlib@1.3.3	1	1
mississippi@3.0.0	10	3
mixin-deep@1.3.2	2	1
mkdirp-promise@5.0.1	1	1
mkdirp@1.0.3	0	1
mkdirp@0.3.0	0	1
mkdirp@0.5.1	1	32
modify-values@1.0.1	0	1
module-details-from-path@1.0.3	0	1
moment-timezone@0.5.28	1	1
moment@2.24.0	0	3
move-concurrently@1.0.1	6	1
ms@2.0.0	0	2
ms@2.1.1	0	1
ms@2.1.2	0	3
multicast-dns-service-types@1.1.0	0	1
multicast-dns@6.2.3	2	1
multimatch@3.0.0	4	2
mute-stream@0.0.7	0	2
mute-stream@0.0.8	0	1
mz@2.7.0	3	1
nan@2.14.0	0	2
nanomatch@1.2.13	11	1
natural-compare@1.4.0	0	3
needle@2.3.3	3	1
negotiator@0.6.2	0	1
neo-async@2.6.1	0	5
nice-try@1.0.5	0	1
no-case@2.3.2	1	2
node-cache@4.2.1	2	1
node-fetch-npm@2.0.2	3	1
node-fetch@2.6.0	0	5
node-fetch@1.7.3	2	1
node-forge@0.9.0	0	1
node-forge@0.9.1	0	1
node-gyp@3.8.0	12	1
node-gyp@5.1.0	11	1
node-int64@0.4.0	0	1
node-libs-browser@2.2.1	23	1
node-modules-regexp@1.0.0	0	1
node-notifier@6.0.0	5	0
node-releases@1.1.50	1	1
node-sass@4.13.1	17	0
nopt@1.0.10	1	1
nopt@3.0.6	1	1
nopt@4.0.1	2	2
normalize-package-data@2.5.0	4	12
normalize-path@2.1.1	1	1
normalize-path@3.0.0	0	4
normalize-range@0.1.2	0	2
normalize-url@2.0.1	3	1
normalize-url@3.3.0	0	2
normalize-url@4.5.0	0	1
npm-bundled@1.1.1	1	1
npm-lifecycle@3.1.4	8	1
npm-normalize-package-bin@1.0.1	0	3
npm-package-arg@6.1.1	4	16
npm-packlist@1.4.8	3	2
npm-path@2.0.4	1	1
npm-pick-manifest@3.0.2	3	1
npm-run-path@2.0.2	1	3
npm-run-path@4.0.1	1	1
npm-which@3.0.1	3	1
npmlog@4.1.2	4	37
nprogress@0.2.0	0	1
nssocket@0.6.0	2	1
nth-check@1.0.2	1	2
num2fraction@1.2.2	0	2
number-is-nan@1.0.1	0	2
nwsapi@2.2.0	0	1
oauth-1.0a@1.0.1	1	1
oauth-sign@0.9.0	0	2
object-assign@4.1.1	0	12
object-copy@0.1.0	3	1
object-hash@1.3.1	0	1
object-inspect@1.7.0	0	1
object-is@1.0.2	0	1
object-keys@1.1.1	0	6
object-visit@1.0.1	1	2
object.assign@4.1.0	4	2
object.getownpropertydescriptors@2.1.0	2	3
object.pick@1.3.0	1	2
object.values@1.1.1	4	2
obuf@1.1.2	0	2
octokit-pagination-methods@1.1.0	0	1
on-finished@2.3.0	1	4
on-headers@1.0.2	0	1
once@1.4.0	1	9
onetime@1.1.0	0	1
onetime@2.0.1	1	1
onetime@5.1.0	1	1
opencollective-postinstall@2.0.2	0	1
opener@1.5.1	0	1
opn@5.5.0	1	1
optimism@0.10.3	1	1
optimist@0.6.1	2	1
optimize-css-assets-webpack-plugin@5.0.3	2	1
optionator@0.8.3	6	3
ora@0.2.3	4	1
original@1.0.2	1	1
os-browserify@0.3.0	0	1
os-homedir@1.0.2	0	3
os-locale@1.4.0	1	1
os-locale@3.1.0	3	2
os-name@3.1.0	2	2
os-tmpdir@1.0.2	0	3
osenv@0.1.5	2	4
p-cancelable@1.1.0	0	1
p-defer@1.0.0	0	1
p-each-series@2.1.0	0	1
p-finally@1.0.0	0	6
p-finally@2.0.1	0	1
p-is-promise@2.1.0	0	1
p-limit@1.3.0	1	1
p-limit@2.2.2	1	3
p-locate@2.0.0	1	1
p-locate@3.0.0	1	1
p-locate@4.1.0	1	1
p-map-series@1.0.0	1	4
p-map@1.2.0	0	3
p-map@2.1.0	0	14
p-pipe@1.2.0	0	2
p-queue@4.0.0	1	1
p-reduce@1.0.0	0	4
p-retry@3.0.1	1	1
p-try@1.0.0	0	1
p-try@2.2.0	0	1
p-waterfall@1.0.0	1	3
package-json@4.0.1	4	1
package-json@6.5.0	4	1
pako@1.0.11	0	1
parallel-transform@1.2.0	3	1
param-case@2.1.1	1	2
parent-module@1.0.1	1	1
parse-asn1@5.1.5	6	2
parse-github-repo-url@1.4.1	0	1
parse-json@2.2.0	1	2
parse-json@4.0.0	2	3
parse-json@5.0.0	4	1
parse-passwd@1.0.0	0	1
parse-path@4.0.1	2	1
parse-url@5.0.1	4	1
parse5@5.1.0	0	1
parseurl@1.3.3	0	4
pascalcase@0.1.1	0	1
path-browserify@0.0.1	0	1
path-dirname@1.0.2	0	1
path-exists@2.1.0	1	1
path-exists@3.0.0	0	4
path-exists@4.0.0	0	1
path-is-absolute@1.0.1	0	3
path-is-inside@1.0.2	0	5
path-key@2.0.1	0	2
path-key@3.1.1	0	2
path-parse@1.0.6	0	1
path-to-regexp@0.1.7	0	1
path-to-regexp@1.8.0	1	1
path-type@1.1.0	3	1
path-type@2.0.0	1	1
path-type@3.0.0	1	2
pbkdf2@3.0.17	5	2
pend@1.2.0	0	2
performance-now@2.1.0	0	2
phantomjs-prebuilt@2.1.16	9	0
picomatch@2.2.1	0	2
pidusage@1.2.0	0	1
pify@2.3.0	0	7
pify@3.0.0	0	8
pify@4.0.1	0	12
pinkie-promise@2.0.1	1	6
pinkie@2.0.4	0	1
pirates@4.0.1	1	2
pkg-dir@1.0.0	1	1
pkg-dir@2.0.0	1	1
pkg-dir@3.0.0	1	2
pkg-dir@4.2.0	1	2
please-upgrade-node@3.2.0	1	2
pluralize@7.0.0	0	1
pm2-axon-rpc@0.5.1	1	1
pm2-axon@3.1.0	4	1
pm2-deploy@0.3.10	2	1
pm2-multimeter@0.1.2	1	1
pm2@2.10.4	28	0
pmx@1.6.7	5	1
pn@1.1.0	0	1
portfinder@1.0.25	3	2
posix-character-classes@0.1.1	0	1
postcss-calc@7.0.2	3	1
postcss-colormin@4.0.3	5	1
postcss-convert-values@4.0.1	2	1
postcss-discard-comments@4.0.2	1	1
postcss-discard-duplicates@4.0.2	1	1
postcss-discard-empty@4.0.1	1	1
postcss-discard-overridden@4.0.1	1	1
postcss-flexbugs-fixes@3.3.1	1	0
postcss-flexbugs-fixes@4.2.0	1	0
postcss-load-config@2.1.0	2	2
postcss-loader@2.1.6	4	0
postcss-loader@3.0.0	4	1
postcss-merge-longhand@4.0.11	4	1
postcss-merge-rules@4.0.3	6	1
postcss-minify-font-values@4.0.2	2	1
postcss-minify-gradients@4.0.2	4	1
postcss-minify-params@4.0.2	6	1
postcss-minify-selectors@4.0.2	4	1
postcss-modules-extract-imports@1.2.1	1	1
postcss-modules-extract-imports@2.0.0	1	1
postcss-modules-local-by-default@1.2.0	2	1
postcss-modules-local-by-default@2.0.6	3	1
postcss-modules-scope@1.1.0	2	1
postcss-modules-scope@2.1.1	2	1
postcss-modules-values@1.3.0	2	1
postcss-modules-values@2.0.0	2	1
postcss-normalize-charset@4.0.1	1	1
postcss-normalize-display-values@4.0.2	3	1
postcss-normalize-positions@4.0.2	4	1
postcss-normalize-repeat-style@4.0.2	4	1
postcss-normalize-string@4.0.2	3	1
postcss-normalize-timing-functions@4.0.2	3	1
postcss-normalize-unicode@4.0.1	3	1
postcss-normalize-url@4.0.1	4	1
postcss-normalize-whitespace@4.0.2	2	1
postcss-ordered-values@4.1.2	3	1
postcss-reduce-initial@4.0.3	4	1
postcss-reduce-transforms@4.0.2	4	1
postcss-safe-parser@4.0.2	1	1
postcss-selector-parser@3.1.2	3	3
postcss-selector-parser@6.0.2	3	4
postcss-svgo@4.0.2	4	1
postcss-unique-selectors@4.0.1	3	1
postcss-value-parser@3.3.1	0	21
postcss-value-parser@4.0.3	0	2
postcss@6.0.23	3	9
postcss@7.0.27	3	43
prelude-ls@1.1.2	0	3
prepend-http@1.0.4	0	1
prepend-http@2.0.0	0	2
prettier@1.19.1	0	1
pretty-bytes@4.0.2	0	1
pretty-error@2.1.1	2	2
pretty-format@25.1.0	4	9
pretty-time@1.1.0	0	1
pretty@2.0.0	3	2
print-message@2.1.0	1	0
prismjs@1.19.0	0	1
private@0.1.8	0	3
process-nextick-args@2.0.1	0	1
process@0.11.10	0	2
progress@1.1.8	0	1
progress@2.0.3	0	2
promise-inflight@1.0.1	0	2
promise-polyfill@8.1.3	0	1
promise-retry@1.1.1	2	2
promptly@2.2.0	1	1
prompts@2.3.1	2	1
promzard@0.3.0	1	1
property-expr@1.5.1	0	1
proto-list@1.2.4	0	1
protocols@1.4.7	0	3
protoduck@5.0.1	1	1
proxy-addr@2.0.6	2	1
proxy-polyfill@0.3.1	0	0
prr@1.0.1	0	1
pseudomap@1.0.2	0	1
psl@1.7.0	0	3
public-encrypt@4.0.3	6	1
pump@2.0.1	2	1
pump@3.0.0	2	3
pumpify@1.5.1	3	1
punycode@1.3.2	0	1
punycode@1.4.1	0	2
punycode@2.1.1	0	4
pupa@2.0.1	1	1
q@1.5.1	0	4
qs@6.7.0	0	2
qs@6.5.2	0	2
query-string@5.1.1	3	1
query-string@6.11.1	3	0
querystring-es3@0.2.1	0	2
querystring@0.2.0	0	2
querystringify@2.1.1	0	1
quick-lru@1.1.0	0	1
ramda@0.24.1	0	1
randombytes@2.1.0	1	5
randomfill@1.0.4	2	1
range-parser@1.2.1	0	3
raw-body@2.4.0	4	1
rc@1.2.8	4	4
react-is@16.13.0	0	1
read-cmd-shim@1.0.5	1	1
read-package-json@2.1.1	4	3
read-package-tree@5.3.1	3	1
read-pkg-up@1.0.1	2	2
read-pkg-up@2.0.0	2	1
read-pkg-up@3.0.0	2	3
read-pkg-up@4.0.0	2	1
read-pkg@1.1.0	3	1
read-pkg@2.0.0	3	1
read-pkg@3.0.0	3	3
read-pkg@5.2.0	4	1
read@1.0.7	1	3
readable-stream@2.3.7	7	16
readable-stream@3.6.0	3	4
readdir-scoped-modules@1.1.0	4	1
readdirp@2.2.1	3	1
realpath-native@1.1.0	1	7
rechoir@0.6.2	1	2
redent@1.0.0	2	1
redent@2.0.0	2	2
redis-commands@1.5.0	0	1
redis-errors@1.2.0	0	2
redis-parser@3.0.0	1	1
redis-tag-cache@1.2.1	1	0
reduce@1.0.2	1	1
reflect-metadata@0.1.13	0	0
regenerate-unicode-properties@8.1.0	1	1
regenerate@1.4.0	0	3
regenerator-runtime@0.11.1	0	1
regenerator-runtime@0.12.1	0	1
regenerator-runtime@0.13.3	0	2
regenerator-transform@0.10.1	3	1
regenerator-transform@0.14.1	1	1
regex-not@1.0.2	2	5
regexp.prototype.flags@1.3.0	2	1
regexpp@1.1.0	0	1
regexpp@2.0.1	0	2
regexpu-core@2.0.0	3	1
regexpu-core@4.6.0	6	2
register-service-worker@1.6.2	0	0
registry-auth-token@3.4.0	2	1
registry-auth-token@4.1.1	1	1
registry-url@3.1.0	1	1
registry-url@5.1.0	1	1
regjsgen@0.2.0	0	1
regjsgen@0.5.1	0	1
regjsparser@0.1.5	1	1
regjsparser@0.6.3	1	1
relateurl@0.2.7	0	2
remove-accents@0.4.2	0	0
remove-trailing-separator@1.1.0	0	1
renderkid@2.0.3	5	1
repeat-element@1.1.3	0	1
repeat-string@1.6.1	0	2
repeating@2.0.1	1	2
replace-in-file@4.3.1	3	0
request-progress@3.0.0	1	1
request-progress@2.0.1	1	1
request-promise-core@1.1.3	1	1
request-promise-native@1.0.8	3	1
request@2.88.0	20	1
request@2.88.2	20	7
require-directory@2.1.1	0	5
require-in-the-middle@5.0.3	3	1
require-main-filename@1.0.1	0	2
require-main-filename@2.0.0	0	4
require-uncached@1.0.3	2	1
requireindex@1.2.0	0	1
requires-port@1.0.0	0	2
resolve-cwd@2.0.0	1	1
resolve-cwd@3.0.0	1	1
resolve-dir@1.0.1	2	2
resolve-from@1.0.1	0	1
resolve-from@3.0.0	0	3
resolve-from@4.0.0	0	3
resolve-from@5.0.0	0	2
resolve-url@0.2.1	0	1
resolve@1.1.7	0	1
resolve@1.15.1	1	10
responselike@1.0.2	1	1
restore-cursor@1.0.1	2	1
restore-cursor@2.0.0	2	1
ret@0.1.15	0	1
retry-request@4.1.1	2	1
retry@0.10.1	0	1
retry@0.12.0	0	1
rgb-regex@1.0.1	0	1
rgba-regex@1.0.0	0	1
rimraf@2.7.1	1	12
rimraf@2.6.3	1	2
rimraf@3.0.2	1	1
ripemd160@2.0.2	2	3
rsvp@4.8.5	0	1
run-async@2.4.0	1	2
run-node@1.0.0	0	1
run-queue@1.0.3	1	2
rw@1.3.3	0	1
rx-lite-aggregates@4.0.8	1	1
rx-lite@4.0.8	0	2
rxjs@5.5.12	1	1
rxjs@6.5.4	1	2
safe-buffer@5.1.2	0	6
safe-buffer@5.2.0	0	29
safe-regex@1.1.0	1	2
safer-buffer@2.1.2	0	5
sane@4.1.0	9	2
sass-graph@2.2.4	4	1
sass-loader@7.3.1	5	0
sax@1.2.4	0	3
saxes@3.1.11	1	1
schema-utils@0.4.7	2	2
schema-utils@1.0.0	3	10
scss-tokenizer@0.2.3	2	1
section-matter@1.0.0	2	1
select-hose@2.0.0	0	1
select@1.1.2	0	1
selfsigned@1.10.7	1	1
semver-compare@1.0.0	0	1
semver-diff@2.1.0	1	1
semver-diff@3.1.1	1	1
semver-regex@1.0.0	0	1
semver-sort@0.0.4	2	0
semver@5.7.1	0	30
semver@5.5.0	0	1
semver@7.0.0	0	1
semver@6.3.0	0	23
semver@7.1.3	0	2
semver@5.3.0	0	1
send@0.17.1	13	2
serialize-javascript@2.1.2	0	4
serve-index@1.9.1	7	1
serve-static@1.14.1	4	1
serviceworker-cache-polyfill@4.0.0	0	1
set-blocking@2.0.0	0	6
set-value@2.0.1	4	2
setimmediate@1.0.5	0	1
setprototypeof@1.1.0	0	1
setprototypeof@1.1.1	0	3
sha.js@2.4.11	2	3
shallow-clone@3.0.1	1	1
shebang-command@1.2.0	1	2
shebang-command@2.0.0	1	1
shebang-regex@1.0.0	0	1
shebang-regex@3.0.0	0	1
shelljs@0.7.8	3	1
shelljs@0.8.3	3	0
shellwords@0.1.1	0	1
shimmer@1.2.1	0	5
sigmund@1.0.1	0	1
signal-exit@3.0.2	0	11
simple-git@1.131.0	1	1
simple-swizzle@0.2.2	1	1
sisteransi@1.0.4	0	1
slash@1.0.0	0	2
slash@2.0.0	0	10
slash@3.0.0	0	8
slice-ansi@0.0.4	0	1
slice-ansi@1.0.0	1	1
slice-ansi@2.1.0	3	1
slide@1.1.6	0	1
smart-buffer@4.1.0	0	1
smoothscroll-polyfill@0.4.4	0	1
snapdragon-node@2.1.1	3	1
snapdragon-util@3.0.1	1	1
snapdragon@0.8.2	8	5
sockjs-client@1.4.0	6	1
sockjs@0.3.19	2	1
socks-proxy-agent@4.0.2	2	1
socks@2.3.3	2	1
sort-keys@2.0.0	1	4
source-list-map@2.0.1	0	2
source-map-resolve@0.5.3	5	2
source-map-support@0.4.18	1	1
source-map-support@0.5.16	2	5
source-map-url@0.4.0	0	1
source-map@0.5.6	0	1
source-map@0.4.4	1	1
source-map@0.5.7	0	7
source-map@0.6.1	0	25
source-map@0.7.3	0	2
spdx-correct@3.1.0	2	1
spdx-exceptions@2.2.0	0	1
spdx-expression-parse@3.0.0	2	2
spdx-license-ids@3.0.5	0	2
spdy-transport@3.0.0	6	1
spdy@4.0.1	5	1
split-on-first@1.1.0	0	1
split-string@3.1.0	1	2
split2@2.2.0	1	2
split@1.0.1	1	1
sprintf-js@1.1.1	0	1
sprintf-js@1.0.3	0	1
sshpk@1.16.1	9	1
ssri@6.0.1	1	5
stable@0.1.8	0	1
stack-trace@0.0.10	0	1
stack-utils@1.0.2	0	3
staged-git-files@1.1.2	0	1
standard-as-callback@2.0.1	0	1
static-extend@0.1.2	2	1
statuses@1.5.0	0	6
std-env@2.2.1	1	1
stdout-stream@1.4.1	1	1
stealthy-require@1.1.1	0	1
stream-browserify@2.0.2	2	1
stream-each@1.2.3	2	1
stream-events@1.0.5	1	1
stream-http@2.8.3	5	1
stream-shift@1.0.1	0	2
stream-to-observable@0.1.0	0	1
strict-uri-encode@1.1.0	0	1
strict-uri-encode@2.0.0	0	1
string-argv@0.0.2	0	1
string-length@3.1.0	2	2
string-width@1.0.2	3	5
string-width@2.1.1	2	10
string-width@3.1.0	3	6
string-width@4.2.0	3	5
string.prototype.trimleft@2.1.1	2	1
string.prototype.trimright@2.1.1	2	1
string_decoder@1.3.0	1	2
string_decoder@1.1.1	1	1
stringify-object@3.3.0	3	1
strip-ansi@3.0.1	1	13
strip-ansi@4.0.0	1	7
strip-ansi@5.2.0	1	5
strip-ansi@6.0.0	1	4
strip-bom-string@1.0.0	0	1
strip-bom@2.0.0	1	1
strip-bom@3.0.0	0	4
strip-bom@4.0.0	0	1
strip-eof@1.0.0	0	3
strip-final-newline@2.0.0	0	1
strip-indent@1.0.1	1	1
strip-indent@2.0.0	0	1
strip-json-comments@2.0.1	0	4
strong-log-transformer@2.1.0	3	1
stubs@3.0.0	0	1
stylehacks@4.0.3	3	1
stylus-loader@3.0.2	3	1
stylus@0.54.7	8	1
supports-color@5.5.0	1	3
supports-color@6.1.0	1	4
supports-color@2.0.0	0	2
supports-color@7.1.0	1	4
supports-hyperlinks@2.1.0	2	1
svg-tags@1.0.0	0	2
svgo@1.3.2	13	1
sw-precache-webpack-plugin@0.11.5	3	0
sw-precache@5.2.1	10	1
sw-toolbox@3.6.0	2	1
symbol-observable@1.0.1	0	1
symbol-observable@1.2.0	0	2
symbol-tree@3.2.4	0	1
synchronous-promise@2.0.10	0	1
table@4.0.2	6	1
table@5.4.6	4	1
tapable@1.1.3	0	5
tar@2.2.2	3	1
tar@4.4.13	7	4
teeny-request@6.0.2	5	1
temp-dir@1.0.0	0	1
temp-write@3.4.0	6	2
term-size@1.2.0	1	1
term-size@2.2.0	0	1
terminal-link@2.1.1	2	1
terser-webpack-plugin@1.4.3	9	1
terser@4.6.6	3	1
test-exclude@5.2.3	4	1
test-exclude@6.0.0	3	1
text-extensions@1.9.0	0	1
text-table@0.2.0	0	4
thenify-all@1.6.0	1	1
thenify@3.3.0	1	1
throat@5.0.0	0	3
throttle-debounce@2.1.0	0	1
throttleit@1.0.0	0	2
through2@2.0.5	2	4
through2@3.0.1	1	4
through@2.3.8	0	6
thunky@1.1.0	0	1
timed-out@4.0.1	0	1
timers-browserify@2.0.11	1	1
timsort@0.3.0	0	1
tiny-emitter@2.1.0	0	1
tmp@0.1.0	1	1
tmp@0.0.33	1	2
tmpl@1.0.4	0	1
to-arraybuffer@1.0.1	0	1
to-factory@1.0.0	0	1
to-fast-properties@1.0.3	0	1
to-fast-properties@2.0.0	0	1
to-object-path@0.3.0	1	1
to-readable-stream@1.0.0	0	1
to-regex-range@2.1.1	2	1
to-regex-range@5.0.1	1	1
to-regex@3.0.2	4	5
toidentifier@1.0.0	0	2
toml@3.0.0	0	1
toposort@1.0.7	0	2
toposort@2.0.2	0	1
tough-cookie@2.5.0	2	2
tough-cookie@3.0.1	3	1
tough-cookie@2.4.3	2	1
tr46@1.0.1	1	1
trim-newlines@1.0.0	0	1
trim-newlines@2.0.0	0	2
trim-off-newlines@1.0.1	0	1
trim-right@1.0.1	0	1
true-case-path@1.0.3	1	1
tryer@1.0.1	0	1
ts-invariant@0.4.4	1	5
ts-jest@25.2.1	10	0
ts-loader@5.4.5	5	0
ts-node@8.6.2	5	0
tsconfig@7.0.0	4	1
tslib@1.11.1	0	14
tsutils@3.17.1	1	1
tty-browserify@0.0.0	0	1
tunnel-agent@0.6.0	1	3
tv4@1.3.0	0	1
tweetnacl@0.14.5	0	2
type-check@0.3.2	1	2
type-detect@4.0.8	0	1
type-fest@0.11.0	0	1
type-fest@0.3.1	0	1
type-fest@0.6.0	0	1
type-fest@0.8.1	0	1
type-is@1.6.18	2	2
typedarray-to-buffer@3.1.5	1	1
typedarray@0.0.6	0	2
typescript@3.8.3	0	0
uc.micro@1.0.6	0	2
uglify-es@3.3.9	2	1
uglify-js@3.4.10	2	1
uglify-js@3.8.0	2	1
uid-number@0.0.6	0	1
umask@1.1.0	0	1
unicode-canonical-property-names-ecmascript@1.0.4	0	1
unicode-match-property-ecmascript@1.0.4	2	1
unicode-match-property-value-ecmascript@1.1.0	0	1
unicode-property-aliases-ecmascript@1.0.5	0	1
union-value@1.0.1	4	1
uniq@1.0.1	0	2
uniqs@2.0.0	0	2
unique-filename@1.1.1	1	2
unique-slug@2.0.2	1	1
unique-string@1.0.0	1	1
unique-string@2.0.0	1	1
universal-user-agent@4.0.1	1	1
universal-user-agent@5.0.0	1	2
universalify@0.1.2	0	3
unpipe@1.0.0	0	2
unquote@1.1.1	0	1
unset-value@1.0.0	2	1
untildify@3.0.3	0	1
unzip-response@2.0.1	0	1
upath@1.2.0	0	3
update-notifier@2.5.0	10	1
update-notifier@4.1.0	13	1
upper-case@1.1.3	0	1
uri-js@4.2.2	1	1
urijs@1.19.2	0	1
urix@0.1.0	0	2
url-loader@1.1.2	3	1
url-parse-lax@1.0.0	1	1
url-parse-lax@3.0.0	1	1
url-parse@1.4.7	2	2
url@0.11.0	2	3
use@3.1.1	0	1
util-deprecate@1.0.2	0	2
util-promisify@2.1.0	1	1
util.promisify@1.0.0	2	2
util.promisify@1.0.1	4	2
util@0.10.3	1	1
util@0.11.1	1	1
utila@0.4.0	0	3
utils-merge@1.0.1	0	1
uuid@3.4.0	0	10
uuid@7.0.2	0	0
v8-compile-cache@2.0.3	0	1
v8-compile-cache@1.1.2	0	1
v8-to-istanbul@4.1.2	3	1
validate-npm-package-license@3.0.4	2	3
validate-npm-package-name@3.0.0	1	3
vary@1.1.2	0	2
vendors@1.0.4	0	1
verror@1.10.0	3	1
vizion@0.2.13	1	1
vm-browserify@1.1.2	0	1
vue-analytics@5.22.1	0	0
vue-apollo@3.0.3	3	0
vue-carousel@0.18.0	3	0
vue-eslint-parser@2.0.3	6	1
vue-eslint-parser@5.0.0	6	1
vue-gtm@2.2.0	0	0
vue-hot-reload-api@2.3.4	0	1
vue-i18n@8.15.4	0	0
vue-jest@3.0.5	10	0
vue-lazy-hydration@1.0.0-beta.12	0	0
vue-lazyload@1.3.3	0	0
vue-loader@15.9.0	5	1
vue-meta@2.3.3	1	0
vue-no-ssr@0.2.2	0	0
vue-observe-visibility@0.4.6	0	0
vue-offline@1.0.204	0	0
vue-progressbar@0.7.5	0	0
vue-router@3.1.6	0	1
vue-server-renderer@2.6.11	8	1
vue-ssr-webpack-plugin@3.0.0	2	0
vue-style-loader@4.1.2	2	1
vue-template-compiler@2.6.11	2	1
vue-template-es2015-compiler@1.9.1	0	2
vue@2.6.11	0	2
vuelidate@0.7.5	0	0
vuepress-html-webpack-plugin@3.2.0	7	1
vuepress-plugin-container@2.1.2	1	2
vuepress-plugin-smooth-scroll@0.0.3	1	1
vuepress@1.3.1	6	0
vuex-router-sync@5.0.0	0	0
vuex@3.1.2	0	0
vxx@1.2.2	11	1
w3c-hr-time@1.0.1	1	1
w3c-xmlserializer@1.1.2	3	1
walker@1.0.7	1	3
watchpack@1.6.0	3	1
wbuf@1.7.3	1	2
wcwidth@1.0.1	1	1
webidl-conversions@4.0.2	0	4
webpack-bundle-analyzer@3.6.0	13	0
webpack-chain@4.12.1	2	1
webpack-chain@6.4.0	2	1
webpack-cli@3.3.11	11	0
webpack-dev-middleware@3.7.2	5	1
webpack-dev-server@3.10.3	33	1
webpack-hot-middleware@2.25.0	4	0
webpack-log@2.0.0	2	3
webpack-merge@4.2.2	1	1
webpack-sources@1.4.3	2	4
webpack@4.42.0	23	1
webpackbar@3.2.0	8	1
websocket-driver@0.7.3	3	2
websocket-extensions@0.1.3	0	1
whatwg-encoding@1.0.5	1	2
whatwg-fetch@3.0.0	0	3
whatwg-mimetype@2.3.0	0	2
whatwg-url@7.1.0	3	4
when@3.6.4	0	1
which-module@1.0.0	0	1
which-module@2.0.0	0	4
which@1.3.1	1	13
which@2.0.2	1	1
wide-align@1.1.3	1	1
widest-line@2.0.1	1	1
widest-line@3.1.0	1	1
windows-release@3.2.0	1	1
winston@2.4.4	6	1
word-wrap@1.2.3	0	1
wordwrap@0.0.3	0	1
worker-farm@1.7.0	1	1
wrap-ansi@2.1.0	2	2
wrap-ansi@3.0.1	2	1
wrap-ansi@5.1.0	3	2
wrap-ansi@6.2.0	3	1
wrappy@1.0.2	0	3
write-file-atomic@2.4.1	3	1
write-file-atomic@2.4.3	3	4
write-file-atomic@3.0.3	4	2
write-json-file@2.3.0	6	1
write-json-file@3.2.0	6	3
write-pkg@3.2.0	2	2
write@1.0.3	1	1
write@0.2.1	1	1
ws@6.2.1	1	2
ws@7.2.1	0	1
xdg-basedir@3.0.0	0	2
xdg-basedir@4.0.0	0	2
xml-name-validator@3.0.0	0	2
xmlchars@2.2.0	0	1
xtend@4.0.2	0	2
y18n@3.2.1	0	1
y18n@4.0.0	0	5
yallist@2.1.2	0	1
yallist@3.1.1	0	3
yamljs@0.3.0	2	1
yargs-parser@10.1.0	1	1
yargs-parser@11.1.1	2	1
yargs-parser@13.1.1	2	1
yargs-parser@15.0.0	2	1
yargs-parser@16.1.0	2	2
yargs-parser@5.0.0	1	1
yargs@12.0.5	12	1
yargs@13.2.4	11	1
yargs@14.2.2	11	1
yargs@15.1.0	11	3
yargs@7.1.0	13	1
yauzl@2.10.0	2	1
yauzl@2.4.1	1	1
yn@3.1.1	0	1
yup@0.27.0	6	1
zen-observable-ts@0.8.20	2	1
zen-observable@0.8.15	0	2
zepto@1.2.0	0	1
